,bookValuePerShare,cashAndEquivalents,debtToEquityRatio,earningsPerBasicShare,freeCashFlowPerShare,grossProfit,netCashFlow,netIncome,operatingExpenses,priceSales,researchAndDevelopmentExpense,RD,revenues,salesPerShare,totalLiabilities,profitMargin,label
MMM,0.794,-500000000,0.711,-1.17,0.815,-1083000000,-300000000,-779000000,-50000000,-0.594,90000000,0,-629000000,0.02,7881000000,-0.021,0
ABT,0.228,54000000,-0.017,0.73,-0.247,801000000,5579000000,1319000000,-81000000,0.461,140000000,0,1326000000,0.651,135000000,0.039,1
ABBV,-0.037,32635000000,-3.878,1.63,0.325,792000000,34649000000,2195000000,-5808000000,0.613,-3922000000,0,513000000,1.208,29489000000,0.063,1
ABMD,5.244,78046000,-0.015,3.23,1.54,144697000,74111000,146846000,77022000,-14.146,18206000,0,175683000,3.684,20605000,0.148,0
ACN,6.088,1065493000,-0.286,1.03,0.831,871775000,130993000,719205000,407742000,0.359,0,1,1611585000,1.525,1237694000,0.013,1
ATVI,1.791,1569000000,-0.02,-0.42,0.059,-588000000,2060000000,-310000000,-207000000,2.623,-103000000,0,-1011000000,-1.383,562000000,-0.01,1
ADBE,2.57,1007446000,-0.033,0.79,0.612,1663568000,1670743000,360684000,1235816000,1.875,392416000,0,2141289000,4.565,825677000,-0.023,1
AMD,1.302,388000000,-1.467,-0.03,0.384,421000000,495000000,4000000,241000000,5.014,113000000,0,256000000,-0.424,-89000000,-0.001,1
AAP,1.918,-477862000,0.623,1.12,0.146,35333000,-827452000,63049000,-37572000,-0.239,0,1,128449000,7.054,2209609000,0.006,0
AES,-0.331,-171000000,1.095,-1.36,-0.243,-224000000,-146000000,-900000000,3000000,0.133,0,1,-547000000,-0.865,1502000000,-0.082,1
AFL,8.521,559000000,-0.709,0.66,-0.467,607000000,-287000000,384000000,139000000,-0.019,0,1,549000000,1.775,6865000000,0.014,1
A,0.894,-865000000,0.122,2.43,-0.08,118000000,-435000000,755000000,105000000,0.851,19000000,0,249000000,1.135,734000000,0.143,1
APD,0.665,-542600000,-0.054,1.16,-0.048,202700000,-60300000,262200000,53000000,1.92,8400000,0,-11300000,-0.236,-447500000,0.029,1
AKAM,3.405,-642710000,0.205,1.16,-0.552,145004000,-1365399000,179662000,-41415000,0.644,15200000,0,179143000,1.56,1079018000,0.055,1
ALK,4.693,116000000,0.091,2.69,6.416,523000000,201000000,332000000,103000000,0.917,0,1,517000000,4.167,1501000000,0.035,1
ALB,4.048,57790000,0.401,-1.37,0.267,40522000,639773000,-160334000,75511000,-0.358,-11767000,0,214477000,2.753,1944717000,-0.057,0
ARE,7.126,-29441000,0.033,-0.4,-10.583,139465000,-24385000,-16147000,91392000,2.427,0,1,203837000,0.704,1653783000,-0.045,1
ALXN,9.346,1320000000,0.037,10.42,7.692,839700000,573400000,2326700000,-906200000,-1.981,155600000,0,859900000,3.811,1506200000,0.463,0
ALGN,1.3,-86474000,0.22,0.57,3.385,296030000,-273873000,42541000,220101000,-3.41,28462000,0,440304000,5.741,354966000,-0.02,0
ALLE,1.287,68100000,-0.398,-0.29,0.235,79000000,243700000,-33100000,39700000,1.315,0,1,122300000,1.901,50600000,-0.018,1
LNT,2.193,-4600000,-0.15,0.15,0.774,143600000,600000,45100000,60300000,0.922,0,1,113200000,0.163,655300000,0.008,1
ALL,17.937,-161000000,-0.653,8.2,0.225,3671000000,-43000000,2595000000,510000000,0.089,0,1,4860000000,21.644,3015000000,0.052,1
GOOGL,37.587,1797000000,0.059,5.37,12.08,12691000000,-4189000000,3607000000,4781000000,0.285,4599000000,0,25038000000,38.693,19303000000,-0.013,1
MO,-4.541,784000000,4.137,-4.39,-0.265,457000000,608000000,-8256000000,-754000000,-0.705,0,1,-254000000,-0.02,2104000000,-0.326,0
AMZN,36.205,4342000000,-0.105,2.78,12.441,21255000000,-6080000000,1515000000,19135000000,0.135,7094000000,0,47635000000,89.651,44089000000,-0.002,1
AEE,1.514,0,0.025,0.03,-0.418,-50000000,30000000,13000000,40000000,0.56,0,1,-381000000,-1.74,1290000000,0.01,1
AAL,0.099,9000000,-149.97,0.76,-3.152,839000000,116000000,274000000,430000000,-0.098,0,1,1227000000,8.234,-636000000,0.005,0
AEP,1.151,-11500000,0.238,-0.01,-1.401,223300000,-43000000,-2700000,313700000,0.78,0,1,-634300000,-1.346,6235900000,0.004,1
AXP,1.824,-3513000000,0.135,0.07,5.575,2997000000,2093000000,-162000000,2690000000,0.264,0,1,2997000000,5.081,8938000000,-0.018,1
AIG,12.173,-17000000,-0.744,3.8,-1.126,4289000000,-629000000,3354000000,-874000000,0.074,0,1,2357000000,3.991,22962000000,0.067,1
AMT,-0.709,273100000,2.272,1.48,-0.206,101200000,-76900000,651400000,-682200000,4.113,0,1,140200000,0.214,10108700000,0.084,1
AWK,1.24,-70000000,0.087,0.28,-0.478,105000000,-144000000,54000000,34000000,1.795,0,1,170000000,0.834,1202000000,0.007,1
AMP,5.244,206000000,1.947,-0.29,-0.137,-142000000,-409000000,-205000000,146000000,0.091,0,1,132000000,10.488,14471000000,-0.017,1
ABC,0.237,881678000,0.763,-3.54,4.743,525995000,824277000,-803040000,857757000,-0.011,0,1,11649486000,83.697,1558897000,-0.005,0
AME,4.083,39055000,-0.118,0.41,0.828,128098000,331380000,83364000,26258000,0.751,0,1,312685000,1.655,308701000,0.006,1
AMGN,-2.923,-908000000,0.86,0.26,-1.871,-640000000,-4053000000,-552000000,-51000000,0.779,379000000,0,-385000000,2.689,-3882000000,-0.017,1
APH,1.891,-383100000,-0.116,-0.12,1.403,-38900000,51700000,-50000000,28800000,0.415,0,1,23400000,0.417,238600000,-0.007,1
ADI,2.057,-168269000,-0.034,-0.34,-0.547,-219552000,62978000,-132421000,-48425000,1.716,-35062000,0,-209877000,-0.51,222214000,-0.013,1
ANSS,9.433,94955000,0.168,0.37,-0.134,211868000,199317000,31920000,173402000,2.358,64408000,0,222256000,2.586,769091000,-0.026,1
ANTM,14.691,1003000000,-0.067,4.28,9.562,225000000,678000000,1057000000,-676000000,-0.137,0,1,12108000000,54.634,2695000000,0.005,0
AON,-2.784,134000000,2.342,1.8,0.851,243000000,234000000,398000000,-382000000,1.109,0,1,243000000,2.234,3753000000,0.034,1
AOS,0.065,114300000,0.046,-0.36,0.253,-124800000,201200000,-74200000,-44900000,-0.401,0,1,-195200000,-0.508,36700000,-0.015,0
APA,-10.031,-467000000,2.4,-9.54,1.626,-1568000000,487000000,-3555000000,2434000000,-0.248,0,1,-1033000000,-2.485,872000000,-0.568,0
AAPL,-2.027,22931000000,0.328,-0.04,-0.186,-3447000000,18687000000,-4275000000,3521000000,0.646,1981000000,0,-5421000000,2.744,-10550000000,-0.012,1
AMAT,2.015,-311000000,-0.283,-0.38,-0.129,-1431000000,1259000000,-607000000,15000000,1.878,35000000,0,-2645000000,-1.442,-124000000,-0.007,1
APTV,1.789,-140000000,-0.073,-0.19,0.325,-83000000,890000000,-77000000,114000000,0.092,0,1,-78000000,1.312,638000000,-0.005,1
ADM,0.466,-1145000000,0.139,-0.76,-1.18,-34000000,-2838000000,-431000000,460000000,0.02,0,1,315000000,0.762,2935000000,-0.007,1
ANET,9.258,461336000,0.008,6.87,6.001,170961000,671884000,531518000,-361466000,-1.753,20291000,0,259337000,2.809,352010000,0.205,0
AJG,2.944,387100000,0.182,0.13,1.727,559400000,455300000,35300000,368600000,0.652,0,1,261000000,0.549,2655000000,0.002,1
AIZ,4.964,613100000,-0.204,1.87,11.401,1717100000,355900000,131600000,1454400000,0.081,0,1,2029200000,26.823,2653700000,0.007,1
T,0.412,6926000000,0.062,-0.95,0.939,5715000000,52427000000,-5467000000,3856000000,0.206,0,1,10437000000,1.82,11755000000,-0.036,1
ATO,6.095,10779000,-0.164,-1.07,-3.095,95313000,23417000,-91658000,67045000,0.956,0,1,-213698000,-3.305,512910000,-0.018,1
ADSK,0.33,888700000,-21.999,1.35,4.782,665500000,1080700000,295300000,297500000,-3.21,126100000,0,704500000,3.164,1378300000,0.097,0
ADP,4.562,-220800000,-2.964,1.59,0.255,605400000,1893600000,672000000,92700000,0.722,0,1,849400000,2.342,2858700000,0.04,1
AZO,-12.275,-41524000,0.374,15.19,6.574,391255000,33922000,279685000,-14026000,0.65,0,1,642666000,59.138,742429000,0.017,1
AVB,1.373,-90250000,0.012,-1.41,-0.164,42545000,-106208000,-188551000,32526000,1.909,0,1,40091000,0.035,383251000,-0.089,1
AVY,3.393,21700000,-0.862,-1.74,3.504,-11400000,14100000,-163800000,-47100000,0.148,0,1,-88900000,2.163,62400000,-0.022,1
BKR,4.42,-474000000,-0.137,-0.23,-0.067,446000000,2833000000,-67000000,73000000,-0.227,0,1,961000000,1.05,1444000000,-0.004,0
BLL,-1.122,1077000000,1.106,0.39,0.694,-35000000,809000000,112000000,-32000000,0.598,0,1,-161000000,0.909,1349000000,0.01,1
BAC,1.921,-2765000000,0.318,0.13,2.665,-3000000,-35814000000,-717000000,1519000000,0.221,0,1,-3000000,0.68,80087000000,-0.008,1
BK,3.629,26683000000,0.267,0.47,-6.083,70000000,-2116000000,175000000,-761000000,-0.857,0,1,70000000,1.176,17775000000,0.01,0
BAX,0.889,1503000000,0.3,-1.07,0.116,-20000000,3059000000,-623000000,-193000000,0.184,-60000000,0,235000000,1.485,2456000000,-0.058,1
BDX,-0.315,-646000000,-0.112,3.39,1.43,1026000000,12393000000,923000000,763000000,0.011,56000000,0,1307000000,4.347,-2226000000,0.053,1
BRK.B,32.759,33814000000,-0.103,31.59,0.035,96651000000,35222000000,77396000000,1191000000,-0.503,0,1,1.01841E+11,42.801,33872000000,0.231,1
BBY,1.172,249000000,0.579,0.52,1.129,87000000,-713000000,77000000,-22000000,-0.146,0,1,759000000,9.6,2517000000,0.001,0
BIO,58.096,229146000,-0.004,46.68,6.684,33845000,179306000,1393061000,-299157000,0.556,3514000,0,22244000,0.728,663065000,0.601,1
BIIB,7.677,1689100000,0.101,9.84,7.832,785900000,2019300000,1457800000,-368100000,-0.79,-316600000,0,925000000,11.19,1637900000,0.081,0
BLK,13.068,-1659000000,0.092,1.83,-1.053,351000000,-1068000000,171000000,257000000,-0.002,0,1,341000000,4.619,7660000000,0.005,1
BA,-15.903,1848000000,-361.452,-19.17,-30.837,-15171000000,2832000000,-11096000000,-593000000,0.033,-50000000,0,-24568000000,-39.547,24976000000,-0.111,0
BKNG,-47.444,3688000000,1.025,28.67,1.191,539000000,3605000000,867000000,535000000,-1.332,0,1,539000000,43.525,1567000000,0.048,0
BWA,2.582,92600000,-0.329,-0.84,-0.223,-128400000,-101100000,-184700000,-166500000,-0.12,0,1,-361600000,-1.144,-892500000,-0.015,0
BXP,-1.322,52695000,0.286,-0.4,0.042,172486000,-81127000,-61313000,52346000,-0.79,0,1,243486000,1.557,1219795000,-0.039,0
BSX,3.654,71000000,-0.203,2.17,0.987,609000000,-34000000,3029000000,598000000,-0.433,61000000,0,912000000,0.602,4415000000,0.268,1
BMY,14.262,5435000000,0.029,-0.99,0.147,2053000000,4419000000,-1481000000,3046000000,1.859,-197000000,0,3584000000,-2.237,57387000000,-0.086,1
AVGO,-1.107,763000000,0.825,-22.56,3.203,1750000000,7675000000,-9535000000,3441000000,0.832,928000000,0,1749000000,6.9,19056000000,-0.469,1
BR,0.359,9300000,0.422,0.5,-0.052,70000000,16400000,54200000,12100000,-0.247,0,1,32300000,0.567,542800000,0.012,0
BF.B,0.716,68000000,-0.661,0.25,0.375,-36000000,11000000,118000000,-142000000,0.492,0,1,76000000,0.214,-168000000,0.03,1
CHRW,0.724,69243000,0.002,-0.57,0.341,-118925000,24518000,-87537000,3182000,-0.102,0,1,-1321664000,-7.855,138005000,-0.002,0
COG,0.491,211496000,0.075,0.39,-0.407,-17342000,689256000,124027000,-121932000,-2.042,-93550000,0,-121871000,0.062,225088000,0.075,0
CDNS,2.989,171912000,-0.32,2.36,0.412,190687000,326701000,643202000,95100000,1.027,51122000,0,198297000,0.739,74078000,0.261,1
CZR,-1.586,227000000,3.952,-2.21,-0.059,210000000,1279000000,-1498000000,331000000,0.316,0,1,351000000,0.7,697000000,-0.173,1
CPB,-0.868,-195000000,1.267,-0.17,0.382,-123000000,46000000,-50000000,-633000000,0.459,-19000000,0,-578000000,-1.92,-1120000000,-0.004,1
COF,16.475,221000000,-0.481,-0.8,8.589,137000000,1123000000,-469000000,581000000,0.375,0,1,137000000,1.417,11484000000,-0.025,1
CAH,1.735,768000000,-0.121,3.73,0.363,-347000000,5884000000,1107000000,-2289000000,-0.026,0,1,8725000000,48.024,741000000,0.007,0
KMX,3.622,492316000,0.018,0.56,-2.641,241749000,20534000,46020000,192452000,-0.195,0,1,2146887000,19.108,1952468000,-0.002,0
CCL,1.702,-464000000,0.041,-0.11,-2.945,124000000,-1052000000,-162000000,173000000,-0.561,0,1,1944000000,3.049,1735000000,-0.023,0
CTLT,4.015,-64800000,-0.853,0.28,-1.173,52500000,-186700000,53800000,49700000,0.505,0,1,54600000,0.24,451400000,0.021,1
CAT,2.241,427000000,-0.213,0.46,1.867,-587000000,832000000,-54000000,-584000000,-0.012,-157000000,0,-922000000,3.268,-605000000,0.001,0
CBOE,1.133,-45800000,-0.118,-0.43,0.907,-80000000,-177400000,-51600000,-17800000,1.535,0,1,-272700000,-2.359,-321700000,-0.003,1
CBRE,4.006,229801000,-0.118,0.69,0.106,314202000,190676000,219138000,147259000,0.005,0,1,2554003000,8.266,1477193000,0.004,1
CDW,0.155,-51800000,0.98,0.82,0.018,333000000,-113400000,93800000,186700000,0.041,0,1,1791900000,16.652,846600000,0.001,1
CE,-1.988,24000000,0.635,-2.11,-0.344,-366000000,161000000,-355000000,141000000,0.359,-5000000,0,-858000000,-2.461,644000000,-0.034,1
CNC,3.931,6781000000,0.434,0.88,0.468,422000000,5520000000,421000000,99000000,0.081,0,1,14523000000,35.012,8424000000,0.003,1
CNP,-1.296,-3990000000,0.888,0.6,-2.809,487000000,-7989000000,423000000,92000000,-0.444,0,1,1712000000,0.92,8129000000,0.024,0
CERN,-1.364,67717000,0.236,-0.25,-0.438,192580000,64514000,-100605000,366696000,0.978,53473000,0,326273000,1.631,797047000,-0.024,1
CF,0.439,-395000000,-0.087,0.99,0.585,257000000,-242000000,203000000,-21000000,-0.365,0,1,161000000,1.804,-395000000,0.042,0
SCHW,1.253,8327000000,-0.823,0.22,-2.245,589000000,-11717000000,197000000,303000000,-1.105,0,1,589000000,0.662,-3552000000,0,0
CHTR,-12.908,2784000000,0.671,2.31,11.645,2130000000,2640000000,438000000,955000000,0.664,0,1,2130000000,20.697,7519000000,0.008,1
CVX,-4.605,-4606000000,0.003,-6.26,-1.521,-5468000000,-8108000000,-11900000000,9521000000,0.045,-440000000,0,-19823000000,-9.582,-6001000000,-0.069,0
CMG,8.867,228329000,1.461,6.27,2.47,231498000,162347000,173605000,45908000,0.932,0,1,721384000,26.528,2597399000,0.027,1
CB,12.679,306000000,-0.137,1.22,2.079,656000000,-183000000,492000000,153000000,0.108,0,1,1469000000,4.273,4153000000,0.009,1
CHD,0.841,-161000000,0.022,0.18,0.348,143200000,-198800000,47300000,94700000,0.37,0,1,211800000,0.812,374200000,0.004,1
CI,13.91,764000000,-0.299,2.89,14.142,8750000000,673000000,2467000000,4833000000,-0.922,0,1,1.04916E+11,284.758,-1759000000,-0.021,1
CINF,12.558,-17000000,-0.224,10.48,0.153,2369000000,-144000000,1710000000,148000000,-0.445,0,1,2517000000,15.523,1442000000,0.199,1
CTAS,0.916,-42079000,0.17,0.47,1.204,220065000,-11537000,42395000,36365000,0.527,0,1,415671000,6.31,492253000,-0.002,1
CSCO,-1.335,2816000000,0.395,2.61,0.717,2060000000,5553000000,11511000000,150000000,-0.421,245000000,0,2574000000,1.548,-1358000000,0.222,0
C,7.217,5814000000,0.326,1.39,-21.357,617000000,-1775000000,1356000000,161000000,0.098,0,1,1432000000,3.808,36903000000,0.013,1
CFG,5.89,-539000000,-0.246,0.28,0.317,296000000,-1730000000,26000000,228000000,-0.426,0,1,296000000,1.442,3831000000,-0.01,0
CTXS,2.348,-73005000,-4.073,0.98,-1.602,6417000,423359000,106146000,148259000,0.243,78893000,0,36661000,1.145,-1033260000,0.032,1
CLX,-1.239,-20000000,2.182,0.05,0.12,53000000,266000000,-3000000,71000000,0.216,4000000,0,90000000,1.283,223000000,-0.002,1
CME,-2.551,176900000,-0.11,0.2,0.007,558600000,708200000,154300000,578400000,-0.482,0,1,558600000,1.042,-2454400000,-0.02,1
CMS,0.901,-17000000,0.19,0.07,0.544,166000000,11000000,23000000,59000000,0.646,0,1,-28000000,-0.137,2045000000,0.003,1
KO,0.452,-3004000000,-0.339,0.58,0.737,2561000000,-5526000000,2486000000,1175000000,0.597,0,1,5410000000,1.235,1125000000,0.037,1
CTSH,0.088,1484000000,0.077,-0.31,-0.037,-138000000,2248000000,-259000000,210000000,-0.373,0,1,658000000,2.317,693000000,-0.02,0
CL,0.255,157000000,241.02,0,0.231,94000000,966000000,-33000000,234000000,0.459,0,1,149000000,0.315,2512000000,-0.003,1
CMCSA,2.346,1686000000,-0.332,0.31,0.009,14435000000,1342000000,1326000000,12319000000,0.094,0,1,14435000000,3.046,358000000,-0.004,1
CMA,4.623,1257000000,0.584,0.64,-2.494,-54000000,2541000000,-37000000,-51000000,-1.338,0,1,-54000000,2.233,2764000000,-0.005,0
CAG,5.786,108600000,0.193,-0.47,-0.183,301500000,232000000,-130100000,120300000,-0.307,0,1,1600100000,-0.687,8117200000,-0.031,0
COP,3.991,-827000000,-0.175,1.07,-1.302,381000000,-404000000,932000000,731000000,-0.317,374000000,0,-2057000000,-0.378,-2452000000,0.034,0
ED,1.2,211000000,-0.005,-0.34,1.673,529000000,49000000,-39000000,517000000,0.429,0,1,237000000,-1.303,2785000000,-0.005,1
STZ,-2.556,-12200000,-0.082,-18.31,2.385,71600000,-15500000,-3447700000,403400000,-1.356,0,1,227500000,0.949,-1545400000,-0.424,0
COO,6.084,11300000,-0.119,6.59,-1.156,124500000,17900000,326800000,-19100000,1.301,1900000,0,120600000,2.128,-159100000,0.121,1
CPRT,0.895,-88201000,-0.027,0.77,0.169,135976000,-152621000,173826000,3846000,2.319,0,1,236262000,1.069,42637000,0.059,1
GLW,-0.628,79000000,0.245,-0.08,-0.614,-426000000,2041000000,-106000000,-218000000,-0.473,38000000,0,213000000,0.714,2282000000,-0.011,0
COST,5.475,2329000000,-0.21,1.17,1.239,1393000000,820000000,525000000,1136000000,0.182,0,1,11127000000,24.393,2089000000,0.002,1
CCI,-3.924,-75000000,0.942,0.45,-0.302,201000000,-49000000,189000000,74000000,2.468,0,1,340000000,0.722,7217000000,0.027,1
CSX,0.224,100000000,0.305,0.32,0.579,101000000,-357000000,22000000,0,0.619,0,1,-313000000,0.702,2245000000,0.009,1
CMI,3.255,-174000000,0.032,1.34,5.906,243000000,-108000000,119000000,114000000,0.066,99000000,0,-200000000,5.776,469000000,0.006,1
CVS,-6.683,1624000000,0.109,5.67,1.447,13990000000,-736000000,7228000000,6024000000,-0.024,0,1,62197000000,10.99,20366000000,0.029,1
DHI,3.038,8000000,-0.022,0.46,0.321,202100000,-457300000,158200000,120600000,0.308,0,1,1524900000,4.551,355800000,0.001,1
DHR,2.065,19124500000,0.356,0.33,-0.158,-1123400000,18967000000,357300000,-989000000,2.263,-105200000,0,-1981900000,-3.344,12193900000,0.031,1
DRI,1.673,310400000,-0.029,0.97,1.719,103600000,396600000,117400000,37900000,0.11,0,1,430300000,3.748,225400000,0.01,1
DVA,-7.758,793298000,2.673,4.36,3.932,264656000,232192000,651587000,164326000,0.071,0,1,-16372000,7.568,-265437000,0.057,1
DE,1.07,-47000000,0.187,2.94,3.996,679500000,5371900000,884600000,399800000,0.133,125400000,0,1900300000,8.236,2777200000,0.02,1
DAL,3.834,1317000000,-0.201,1.63,2.732,2174000000,87000000,832000000,820000000,0.025,0,1,2569000000,7.987,2595000000,0.012,1
XRAY,-0.005,95300000,-0.005,5.69,0.851,97300000,106300000,1273900000,-1221700000,-0.013,0,1,42900000,0.288,-46000000,0.319,1
DVN,-5.805,-570000000,0.214,-7.03,-2.763,-1935000000,237999398,-3419000000,-562000000,0.128,-119000000,0,-4514000000,-8.246,-2583000000,-0.342,0
DXCM,2.168,-690800000,-0.175,2.55,0.84,267600000,-1386300000,228200000,-61000000,2.891,73800000,0,444400000,4.506,259700000,0.191,1
FANG,-49.904,-86516000,0.109,-6.62,12.415,1306371000,-194070000,-605672000,1622159000,-5.432,0,1,1787744000,3.445,1195575000,-0.328,0
DLR,-0.427,-45405000,-0.051,1.16,-0.286,228766000,-139796000,248515000,184338000,0.511,0,1,162763000,0.619,-474087000,0.072,1
DFS,4.568,-8181000000,-0.23,1.28,4.14,554000000,-9939000000,219000000,316000000,-0.479,0,1,554000000,3.316,3714000000,0.003,0
DISCA,1.859,566000000,-0.426,2.04,1.001,707000000,6889000000,1475000000,-452000000,-0.207,0,1,591000000,-0.125,-264000000,0.13,0
DISH,5.718,1556297000,-0.679,-0.45,-0.206,-57094000,2208373000,-175579000,211651000,0.695,0,1,-813618000,-2.444,-417967000,-0.007,1
DG,1.923,4833000,1.347,0.69,0.348,685191000,36787000,123083000,499193000,0.108,0,1,2128930000,11.538,9335939000,0,1
DLTR,2.724,139300000,0.737,10.18,-0.467,93200000,790400000,2417800000,-2108500000,-0.377,0,1,787500000,3.889,5461500000,0.105,0
D,13.024,-102000000,-0.597,-2.08,-0.6,918000000,-328000000,-1089000000,2005000000,-0.478,0,1,3206000000,3.054,13924000000,-0.101,1
DPZ,-14.267,207453000,-0.107,1.18,3.956,99820000,263932000,38737000,9829000,0.962,0,1,185907000,9.943,850545000,0.006,1
DOV,2.413,1032000,-0.163,0.87,1.026,61382000,358775000,107651000,-70400000,0.534,0,1,144279000,2.496,39712000,0.013,1
DTE,6.534,17000000,0.076,0.14,-1.699,249000000,30000000,49000000,136000000,0.526,0,1,-1543000000,-10.038,4475000000,0.013,1
DUK,2.34,-131000000,0.05,1.3,-0.884,1003000000,-104000000,1082000000,389000000,0.308,0,1,558000000,-0.232,9329000000,0.039,1
DRE,0.826,94663000,0.002,0.11,0.21,61472000,264024000,45243000,7029000,2.414,0,1,25889000,0.037,249521000,0.036,1
DD,-68.381,-11942000000,-0.292,-4.31,-2.475,-13188000000,-12452000000,-3346000000,-7302000000,0.467,-2105000000,0,-64465000000,-83.271,-64011000000,-0.022,0
DXC,-4.907,251000000,0.076,-1.62,-5.069,-805000000,-1215000000,-494000000,-609000000,-0.378,0,1,-3803000000,-8.96,-2235000000,-0.01,0
EMN,2.295,-22000000,-0.069,-2.13,0.672,-245000000,-57000000,-321000000,131000000,-0.189,-1000000,0,-878000000,-4.436,-141000000,-0.024,0
ETN,1.295,87000000,0.109,0.35,2.016,-46000000,365000000,66000000,-218000000,0.286,22000000,0,-219000000,1.294,1722000000,0.004,1
EBAY,-3.029,-1227000000,2.699,-0.48,0.967,-72000000,-1302000000,-744000000,-171000000,-0.427,-45000000,0,54000000,1.756,-1234000000,-0.07,0
ECL,2.416,71700000,-0.104,0.46,0.6,140600000,-190200000,129800000,73800000,0.149,0,1,238100000,0.915,122400000,0.008,1
EIX,13.746,-120000000,-1.232,5.08,-11.161,36000000,898000000,1707000000,-2291000000,0.521,0,1,-310000000,-2.51,2383000000,0.137,1
EW,4.904,465000000,-0.131,1.58,1.152,450200000,569200000,324700000,59100000,1.167,130500000,0,625200000,3.079,156500000,0.047,1
EA,2.675,450000000,-0.188,-0.03,-0.433,-245000000,-1243000000,-24000000,193000000,-2.411,113000000,0,-200000000,-0.384,-363000000,0.003,0
EMR,-0.774,401000000,0.211,0.26,0.327,355000000,2370000000,103000000,148000000,-0.039,0,1,964000000,2.359,824000000,-0.001,1
ENPH,2.254,189872000,-41.096,1.5,0.945,126800000,112779000,172775000,25667000,8.552,7794000,0,308174000,2.175,108850000,0.295,1
ETR,3.623,-55253000,-0.402,1.68,1.109,474437000,245045000,395689000,-446695000,0.817,0,1,-130779000,-4.956,2034476000,0.037,1
EOG,3.877,472338000,-0.037,-1.2,0.078,-204171000,-249068000,-684130000,566164000,-1.145,-9118000,0,104574000,0.124,913606000,-0.041,0
EFX,-4.484,177700000,0.764,-5.79,-3.619,14200000,290500000,-698600000,797600000,1.672,0,1,95500000,0.672,1288600000,-0.202,1
EQIX,14.579,1263411000,-0.093,1.45,2.487,285777000,2082106000,142091000,93529000,3.244,0,1,490486000,2.535,2099874000,0.019,1
EQR,0.204,686000,0.04,0.83,-1.014,93947000,-14865000,312842000,43600000,1.302,0,1,122641000,0.285,549389000,0.104,1
ESS,-0.42,-70301000,0.057,0.76,-0.263,45904000,-160570000,49133000,14920000,1.641,0,1,60102000,0.977,310214000,0.022,1
EL,-0.673,806000000,0.318,1.9,-0.4,637000000,-239000000,677000000,376000000,1.146,0,1,1180000000,3.707,888000000,0.039,1
ETSY,0.061,76308000,1.543,0.16,0.116,134412000,24765000,18403000,120437000,-6.81,24629000,0,214686000,1.814,634765000,-0.011,0
EVRG,-11.092,-137100000,0.477,0.3,0.249,591500000,-293900000,134100000,339300000,-0.427,0,1,871900000,1.504,1823200000,0.005,1
ES,3.101,-92636000,-0.073,-0.42,-1.087,167896000,-215695000,-123947000,277335000,1.003,0,1,78269000,-0.091,1739482000,-0.015,1
RE,29.458,151941000,-0.145,22.23,30.378,1397772000,130913000,905909000,71652000,0.037,0,1,853963000,20.309,1300931000,0.109,1
EXC,1.304,-651000000,-0.01,0.94,-1.691,399000000,-1250000000,926000000,-77000000,0.11,0,1,-1547000000,-1.819,3808000000,0.029,1
EXPE,-0.416,1392000000,0.986,1.13,3.603,646000000,1604000000,159000000,457000000,-0.29,146000000,0,844000000,7.141,3498000000,0.011,0
EXPD,1.434,306756000,0.013,-0.1,1.227,16095000,434120000,-27804000,45966000,-0.033,0,1,37061000,1.102,167826000,-0.004,0
EXR,0.669,-1957000,0.112,-0.02,0.923,63826000,11397000,4678000,17764000,0.653,0,1,111850000,0.716,548127000,-0.026,1
XOM,-0.006,47000000,0.084,-1.52,-2.617,-10765000000,182000000,-6500000000,68000000,-0.313,-197000000,0,-25274000000,-5.929,15991000000,-0.018,0
FFIV,8.353,174512000,-0.102,-0.29,-0.837,85944000,423942000,-25955000,158380000,-0.787,41974000,0,81040000,2.066,308794000,-0.019,0
FB,6.298,9060000000,0.163,-1.17,2.117,11444000000,7235000000,-3627000000,12371000000,-0.072,3327000000,0,14859000000,5.45,19115000000,-0.135,1
FAST,0.638,7700000,-0.016,0.07,0.168,116500000,-42600000,39000000,58500000,0.537,0,1,368600000,0.655,115500000,-0.003,1
FRT,1.895,63345000,0.014,1.43,-1.33,9464000,-37850000,111959000,4667000,-0.669,0,1,20352000,0.023,332996000,0.115,0
FDX,-4.929,-946000000,0.369,-15.02,4.191,1964000000,-242000000,-4032000000,2368000000,-0.3,0,1,4243000000,21.097,3732000000,-0.062,0
FIS,79.958,449000000,-0.631,-1.91,-0.625,869000000,2470000000,-548000000,1358000000,5.244,0,1,1910000000,-2.46,20802000000,-0.071,1
FITB,5.712,597000000,-1.001,0.27,-1.861,1169000000,430000000,319000000,732000000,-0.464,0,1,1169000000,1.126,18347000000,-0.008,0
FE,-0.813,250000000,0.185,-0.29,2.201,178000000,464000000,-436000000,155000000,0.653,0,1,-226000000,-2.262,2077000000,-0.005,1
FISV,58.719,478000000,-2.617,-1.19,1.126,2124000000,385000000,-294000000,2268000000,1.537,0,1,4364000000,5.525,33713000000,-0.116,1
FLT,5.322,310344000,-0.054,1.22,3.318,172382000,76321000,83590000,183909000,0.864,0,1,215356000,3.238,674628000,0.005,1
FLIR,0.065,-227552000,0.195,-0.78,-0.114,29185000,-220606000,-110828000,88239000,-0.76,27926000,0,111340000,0.927,361652000,-0.068,0
FMC,-3.983,177400000,0.72,-0.08,1.427,-3300000,298700000,-24700000,55600000,0.104,6600000,0,-118000000,-0.04,547400000,-0.002,1
F,-0.661,786000000,0.653,-0.92,0.703,-2871000000,2565000000,-3630000000,-242000000,-0.004,0,1,-4438000000,-0.98,4833000000,-0.023,0
FTNT,1.756,110100000,-0.108,-0.05,0.721,299500000,-191300000,-5700000,186300000,0.078,32600000,0,355000000,1.957,495800000,-0.033,1
FTV,2.908,26800000,0.405,-6.34,-0.115,359000000,-189500000,-2174900000,533300000,-1,42400000,0,867300000,3.123,3746100000,-0.354,0
FBHS,2.281,125000000,-0.145,0.4,0.474,93000000,176500000,42300000,-10300000,0.334,0,1,279500000,3.272,78900000,0.004,1
FOX,2.066,1459000000,-0.461,0.82,0.143,-94000000,-199000000,1512000000,-161000000,0.921,0,1,1900000000,1.013,-753000000,0.043,1
BEN,0.597,-953000000,0.003,0.96,-4.202,-544600000,886100000,431300000,16600000,-0.094,0,1,-544600000,-0.722,29300000,0.086,0
FCX,-0.354,-2197000000,0.029,-1.96,-2.107,-3886000000,-1922000000,-2841000000,-223000000,0.278,-1000000,0,-4226000000,-2.93,-963000000,-0.157,0
GPS,-0.41,283000000,1.86,-1.68,-0.197,-189000000,340000000,-652000000,599000000,-0.398,0,1,-197000000,0.507,5867000000,-0.039,0
GRMN,4.121,-174167000,-0.007,1.33,-0.817,254257000,-484213000,258406000,87014000,0.346,37561000,0,410061000,2.805,153419000,0.046,1
IT,1.083,124468000,0.33,1.25,0.845,188099000,520465000,110834000,77727000,0.015,0,1,269867000,3.496,861984000,0.024,1
GNRC,4.337,98401000,-0.587,0.52,0.767,72712000,12391000,13750000,57730000,1.45,18375000,0,180872000,2.781,-32458000,-0.004,1
GD,6.174,-61000000,-0.273,0.76,-1.643,344000000,1959000000,139000000,153000000,-0.011,0,1,3157000000,10.297,1588000000,-0.003,1
GE,-0.319,1374000000,0.037,2,0.651,-968000000,10705000000,17376000000,-21524000000,0.326,0,1,-26401000000,-3.077,-21079000000,0.13,1
GIS,1.369,51000000,-0.657,-0.77,0.053,329300000,418100000,-378300000,292700000,0.207,0,1,1124800000,1.49,-1163600000,-0.031,1
GM,1.807,-1775000000,-0.392,-0.99,0.614,-123000000,-6201000000,-1282000000,-1159000000,-0.018,0,1,-9812000000,-7.842,-2482000000,-0.006,0
GPC,1.688,-56555000,0.31,-1.27,-2.077,332482000,-75203000,-189389000,539440000,-0.107,0,1,657232000,5.317,1739080000,-0.011,0
GILD,1.259,-6309000000,-0.24,0.04,0.79,500000000,-16661000000,-69000000,4413000000,0.34,4088000000,0,322000000,0.629,-3164000000,-0.007,1
GL,18.71,-45093000,-0.704,0.74,1.11,141674000,-47556000,59324000,79836000,0.145,0,1,223781000,3.063,1002608000,0.005,1
GPN,67.642,467395000,-1.676,-0.68,-2.049,566737000,592372000,-21440000,512375000,6.54,0,1,1545526000,-4.967,7380742000,-0.046,1
GS,8.905,2999000000,0.669,-4.35,17.452,-70000000,-17497000000,-1993000000,1437000000,0.181,0,1,-70000000,3.34,61092000000,-0.053,1
GWW,-0.33,-178000000,0.159,1.57,0.739,49000000,-389000000,67000000,-55000000,-0.062,0,1,265000000,9.964,165000000,0.004,0
HAL,-1.725,260000000,0.44,-3.18,-0.279,-701000000,589000000,-2787000000,2214000000,-0.289,0,1,-1587000000,-1.814,914000000,-0.119,0
HBI,0.727,-104146000,-1.531,0.13,0.402,62811000,-159975000,47636000,41032000,-0.23,0,1,162968000,0.396,-168284000,0.005,0
HIG,8.97,141000000,-0.403,0.69,1.877,1478000000,200000000,278000000,626000000,0.076,0,1,1785000000,5.162,5341000000,0.005,1
HAS,7.943,3397998000,-0.044,2.32,-0.222,183410000,3796861000,300020000,-137588000,0.066,15991000,0,140581000,-1.907,2351596000,0.062,1
HCA,6.023,119000000,-7.738,-0.63,0.914,1767000000,349000000,-282000000,1191000000,-0.066,0,1,4659000000,16.052,3498000000,-0.013,1
PEAK,-0.119,44811000,0.166,-2.16,-6.545,-23638000,-12832000,-1015563000,275402000,1.294,0,1,150694000,0.183,1159455000,-0.551,1
HSIC,0.883,25888000,-0.49,1.19,0.017,-504198000,267708000,158853000,-469407000,0.3,0,1,-3216192000,-18.927,-1412877000,0.029,1
HSY,1.584,-94736000,-0.824,-0.12,0.691,47153000,-302555000,-27870000,74865000,1.255,0,1,195183000,0.711,99647000,-0.007,1
HES,-3.299,-1149000000,0.288,-0.27,-3.411,-37000000,1004000000,-126000000,34000000,0.331,-129000000,0,44000000,-0.069,1531000000,-0.012,1
HPE,-1.254,-1127000000,0.416,-0.47,0.564,220000000,3691000000,-859000000,785000000,0.047,179000000,0,-1717000000,1.356,435000000,-0.026,1
HLT,-3.619,146000000,-56.397,0.54,0.506,624000000,332000000,117000000,399000000,0.659,0,1,546000000,3.656,1992000000,0.007,1
HFC,2.132,-269590000,0.18,-1.61,0.441,50390000,-793585000,-325572000,397339000,-0.147,0,1,-228088000,3.938,1119873000,-0.018,0
HOLX,-0.976,-64900000,0.068,-0.36,-0.291,-525800000,-191000000,-92300000,-639900000,0.382,13500000,0,149400000,0.802,-475700000,-0.025,1
HD,-1.199,355000000,6.988,0.51,0.791,412000000,2034000000,121000000,99000000,-0.167,0,1,2022000000,5.681,8471000000,-0.001,0
HON,1.018,-220000000,-0.007,-0.58,0.852,-386000000,-2448000000,-622000000,-532000000,0.918,0,1,-5093000000,-5.821,558000000,0.005,1
HRL,0.524,213765000,-0.084,-0.08,-0.377,-110785000,198751000,-33334000,-127900000,0.07,0,1,-48383000,-0.22,-354005000,-0.003,1
HST,0.136,31000000,0.074,-0.21,0.055,2000000,-653000000,-167000000,635000000,-0.626,0,1,-55000000,0.205,442000000,-0.029,0
HWM,-1.162,-629000000,0.46,-0.28,0.732,348000000,-708000000,-172000000,638000000,0.302,-33000000,0,178000000,2.923,-151000000,-0.013,1
HPQ,-0.391,-629000000,26.129,-1.22,0.057,501000000,1202000000,-2175000000,688000000,-0.087,95000000,0,284000000,2.577,-601000000,-0.037,0
HUM,16.164,1711000000,-0.086,7.96,22.912,1000000,3410000000,1024000000,-91000000,0.022,0,1,7976000000,71.372,1785000000,0.012,1
HBAN,1.089,-1453000000,-0.557,0.07,-0.082,105000000,-2654000000,18000000,74000000,-0.155,0,1,105000000,0.263,-472000000,-0.004,0
HII,3.745,-165000000,0.218,-5.83,-0.578,-260000000,296000000,-287000000,-59000000,0.058,0,1,723000000,28.285,576000000,-0.04,1
IEX,3.835,166174000,-0.057,0.26,0.833,7139000,75717000,14948000,-2776000,0.899,0,1,10907000,0.496,71466000,0.006,1
IDXX,2.171,-33468000,171.899,0.63,0.259,124007000,30413000,50689000,62496000,2.067,15330000,0,193666000,2.471,108068000,0.008,1
INFO,0.73,-8500000,-0.091,-0.12,-0.269,244100000,5300000,-39600000,-109700000,1.941,0,1,405400000,0.885,-370400000,-0.021,1
ITW,-0.427,477000000,0.409,0.13,0.912,-242000000,2067000000,-42000000,-60000000,1.042,0,1,-659000000,-0.762,426000000,0.005,1
ILMN,5.816,898000000,-0.243,1.18,-0.027,167000000,979000000,176000000,65000000,-0.606,24000000,0,210000000,1.429,-411000000,0.035,1
INCY,3.023,668721000,-0.055,1.56,1.706,256750000,404169000,337413000,-9542000,-1.65,-43846000,0,276876000,1.184,108549000,0.149,0
IR,-19.887,-397900000,-0.07,-4.63,-2.928,-3908900000,930300000,-1178500000,-2266800000,1.388,0,1,-13216300000,-52.752,-8091600000,-0.02,0
INTC,1.376,1175000000,0.046,0.2,0.742,-1597000000,1589000000,-5000000,-316000000,0.976,-181000000,0,1117000000,0.928,5620000000,-0.005,1
ICE,0.843,316000000,0.081,-0.02,0.278,223000000,12000000,-55000000,133000000,0.773,0,1,271000000,0.755,1640000000,-0.022,1
IBM,5.074,-3291000000,-0.043,1.06,1.333,-448000000,-2660000000,703000000,106000000,0.07,610000000,0,-2444000000,-0.314,24750000000,0.012,1
IP,1.276,-78000000,-0.219,-1.81,1.808,-643000000,351000000,-787000000,-46000000,-0.072,0,1,-930000000,-1.168,-440000000,-0.031,0
IPG,0.946,518800000,-0.122,0.09,2.435,114000000,639000000,37100000,36800000,-0.011,0,1,506900000,1.129,1742000000,0,1
IFF,-13.38,-24577000,0,0.24,1.346,430041000,-305053000,118571000,348653000,-0.837,34545000,0,1162545000,0.477,211842000,0.004,0
INTU,5.224,652000000,-0.524,1.27,0.576,635000000,-214000000,346000000,278000000,1.536,47000000,0,820000000,2.795,-290000000,0.027,1
ISRG,12.869,309700000,0.001,2.03,1.522,506100000,27000000,251400000,331000000,-1.054,139200000,0,754300000,6.053,289300000,0.005,1
IVZ,9.603,-104200000,-0.74,-0.85,0.414,803300000,422400000,-318100000,1200000000,-0.328,0,1,803300000,0.51,3072500000,-0.094,0
IPGP,4.055,135712000,-0.03,-4.15,-0.779,-194059000,504168000,-223793000,76576000,-0.391,7228000,0,-145293000,-2.501,-40222000,-0.14,0
IQV,-2.191,-54000000,0.507,-0.29,0.377,122000000,14000000,-68000000,86000000,0.184,0,1,676000000,5.718,1393000000,-0.008,1
IRM,-1.489,28070000,3.148,-0.38,-0.431,5090000,788284000,-95974000,34588000,-0.141,0,1,36823000,0.074,2385931000,-0.023,0
JKHY,2.121,62188000,-0.089,-1.36,0.059,-33300000,145513000,-104775000,9890000,-0.998,6038000,0,16088000,0.232,-27659000,-0.07,0
J,1.864,-162290000,-0.149,4.96,-6.466,-351342000,-181497000,684548000,-108222000,0.328,0,1,-2246778000,-9.452,-1007388000,0.056,1
JBHT,1.909,27400000,-0.01,0.33,1.971,418088000,34412000,26735000,365284000,-0.258,0,1,550384000,6.629,213562000,-0.001,0
SJM,0.571,-91300000,0.158,-7.27,-1.131,79600000,-117100000,-824200000,187100000,0.168,0,1,480900000,4.11,1330700000,-0.116,1
JNJ,0.2,-802000000,0.092,0.02,0.619,13000000,-1085000000,-178000000,-3000000,0.332,580000000,0,478000000,0.599,5055000000,-0.004,1
JCI,2.72,2605000000,-0.159,4.18,-0.823,-1687000000,2742000000,3512000000,206000000,0.378,0,1,-7432000000,-2.911,-4881000000,0.168,1
JPM,5.595,-15162000000,0.059,1.71,-2.3,6598000000,1.37349E+11,3933000000,2103000000,0.352,0,1,6598000000,3.791,60032000000,0.018,1
JNPR,-0.386,-1273200000,-0.024,-0.61,-0.823,-124400000,-1676000000,-221900000,5600000,-0.259,-47500000,0,-202100000,-0.364,-313000000,-0.044,0
KSU,-2.725,48300000,0.239,-0.74,1.737,161800000,81900000,-88500000,261800000,1.538,0,1,152000000,2.21,703800000,-0.043,1
K,0.468,76000000,-0.434,-1.04,-1.061,-345000000,36000000,-376000000,-40000000,0.212,0,1,31000000,0.302,-371000000,-0.028,1
KEY,2.192,54000000,-0.442,-0.1,0.548,-255000000,47000000,-149000000,-74000000,0.018,0,1,-255000000,0.035,3933000000,-0.017,0
KEYS,2.968,685000000,-0.189,2.43,2.408,412000000,588000000,456000000,-645000000,1.614,81000000,0,425000000,2.15,228000000,0.101,1
KMB,0.736,-97000000,-406.496,2.23,-1.049,438000000,-20000000,747000000,-324000000,0.569,0,1,-36000000,0.309,525000000,0.041,1
KIM,-1.107,-19634000,0.201,-0.22,-0.935,-14270000,75298000,-87190000,-139291000,0.498,0,1,-5878000,-0.012,486652000,-0.084,1
KMI,-0.294,-3095000000,-0.133,0.3,0.187,73000000,-6127000000,581000000,-1006000000,0.856,0,1,-935000000,-0.549,-4401000000,0.061,1
KLAC,6.675,-388388000,-0.087,2.4,-0.883,110195000,-639719000,373352000,259667000,0.171,102318000,0,532203000,3.459,2331978000,0.058,1
KHC,-0.079,1149000000,-0.038,9.95,0.846,-774000000,1777000000,12127000000,-14064000000,-0.021,0,1,-1291000000,-1.083,-1982000000,0.465,0
KR,1.03,-30000000,0.424,-1.75,0.681,724000000,-112000000,-1451000000,1087000000,0.035,0,1,1124000000,3.466,6400000000,-0.012,1
LB,-2.263,86000000,2.553,-3.66,0.095,-449000000,188000000,-1010000000,530000000,-0.284,0,1,-323000000,-1.4,2665000000,-0.077,0
LHX,-13.253,242000000,0.046,1.99,-0.656,83000000,438000000,231000000,113000000,3.881,0,1,619000000,-22.233,237000000,0.024,1
LH,7.066,-89300000,0.063,-0.29,1.348,76100000,-199500000,-59900000,71600000,0.189,0,1,221400000,3.811,1264500000,-0.007,1
LRCX,-9.571,-855162000,0.65,-0.36,4.101,-806573000,-2989885000,-189251000,-58006000,0.582,1806000,0,-1423439000,-5.217,1378594000,0.012,1
LW,2.257,-43400000,-654.408,0.36,1.167,124000000,-41900000,61800000,35700000,-0.475,0,1,332800000,2.32,-34700000,0.005,0
LVS,-0.504,-419000000,0.438,0.43,-2.428,152000000,-2650000000,285000000,205000000,0.235,0,1,10000000,0.353,890000000,0.02,1
LEG,1.102,-20500000,0.748,0.2,1.83,161900000,237500000,27900000,89800000,-0.147,0,1,483000000,3.392,1279500000,-0.002,0
LDOS,1.504,341000000,0.093,0.81,1.405,44000000,53000000,86000000,-119000000,0.678,0,1,900000000,8.712,491000000,0.003,1
LEN,5.519,-139676000,-0.117,0.3,-0.354,468110000,965129000,153221000,-155800000,0.253,0,1,1687930000,7.019,-557543000,0.001,1
LLY,-6.764,-5660700000,10.678,5.79,-0.117,-527400000,-7122700000,5086400000,-1997600000,0.885,287900000,0,-2236200000,0.079,3587700000,0.241,1
LNC,30.535,218000000,-3.775,-3.19,-23.259,-947000000,-499000000,-755000000,-10000000,-0.088,0,1,834000000,7.94,31275000000,-0.049,0
LIN,-65.468,-1766000000,0.01,-9.04,-0.856,5768000000,-5738000000,-2096000000,5002000000,-2.642,71000000,0,13328000000,7.071,-1313000000,-0.213,1
LYV,0.156,96039000,1.791,0.07,-2.687,260919000,-453342000,9640000,198530000,-0.033,0,1,760169000,2.965,2357518000,0.002,1
LKQ,1.115,191259000,0.173,0.22,1.1,276937000,140123000,61142000,262535000,-0.007,0,1,629435000,2.986,1176726000,0.003,1
LMT,6.158,742000000,-16.968,4.35,14.085,1093000000,2831000000,1184000000,0,0.485,0,1,6050000000,21.88,930000000,0.01,1
L,5.123,-69000000,0.081,1.09,-7.801,424000000,-2000000,296000000,122000000,0.004,0,1,865000000,5.24,3383000000,0.017,1
LOW,-1.966,205000000,10.546,2.65,-2.46,35000000,216000000,1967000000,-2261000000,-0.518,0,1,839000000,5.974,6635000000,0.027,0
LYB,-3.519,487000000,1.026,-2.45,-2.273,-1049000000,1614000000,-1293000000,66000000,-0.041,-4000000,0,-4277000000,-0.976,4374000000,-0.022,0
MTB,8.888,-1084177000,-0.141,1.01,2.328,219641000,-353685000,13481000,181937000,-0.558,0,1,219641000,4.279,-481104000,-0.01,0
MRO,0.668,-604000000,-0.092,-0.71,-0.323,-1292000000,-1503000000,-616000000,-261000000,-0.502,-140000000,0,-1392000000,-1.373,-1101000000,-0.075,0
MPC,-16.776,-160000000,0.285,-1.36,1.279,3534000000,1094000000,-143000000,3529000000,-0.183,0,1,27711000000,1.942,7562000000,-0.008,0
MKTX,4.319,23802000,0.096,0.85,1.465,75787000,-52513000,32050000,37489000,3.983,0,1,75787000,2.004,97178000,0.004,1
MAR,-4.382,-91000000,24.984,-1.62,-2.119,-457000000,-38000000,-634000000,109000000,-0.186,0,1,214000000,3.574,2877000000,-0.031,0
MMC,0.557,89000000,1.141,0.18,-0.33,1702000000,228000000,92000000,1786000000,0.432,0,1,1702000000,3.364,9420000000,-0.005,1
MLM,6.968,-23892000,-0.037,2.31,3.928,212423000,1377572000,141902000,18260000,0.526,0,1,494835000,8.344,176293000,0.018,1
MAS,-0.469,138000000,26.334,0.86,-0.27,-318000000,773000000,201000000,-195000000,0.717,0,1,-1652000000,-4.235,-241000000,0.051,1
MA,0.611,596000000,0.354,2.35,1.836,1933000000,-113000000,2259000000,-449000000,5.164,0,1,1933000000,2.24,3874000000,0.089,1
MKC,1.832,58800000,-0.218,-1.8,0.789,-226300000,149000000,-236800000,-280700000,1.163,0,1,-61500000,-0.699,-168800000,-0.042,1
MXIM,-0.161,-728067000,-0.276,1.35,0.182,-125615000,916495000,360168000,-39265000,-0.285,-15721000,0,-165737000,-0.41,-621915000,0.17,0
MCD,-2.788,32500000,-0.544,0.34,2.121,329300000,1630300000,101100000,82100000,0.835,0,1,51300000,0.784,16651500000,0.004,1
MCK,-5.839,309000000,1.216,-0.15,-0.351,570000000,420000000,-33000000,300000000,-0.028,-54000000,0,5962000000,91.748,1061000000,0,0
MDT,-0.181,724000000,-0.012,1.15,1.697,504000000,2022000000,1527000000,1001000000,0.444,77000000,0,604000000,0.617,-1089000000,0.048,1
MRK,-0.129,1711000000,0.166,1.5,0.712,3943000000,96000000,3623000000,639000000,-0.591,120000000,0,4546000000,2.083,2641000000,0.063,0
MET,17.128,777000000,-1.841,1.15,2.791,463000000,-2343000000,776000000,-25000000,0.058,0,1,1679000000,5.045,39501000000,0.009,1
MTD,-6.274,29675000,2.191,2.51,3.588,56833000,252000,48498000,24397000,0.699,2879000,0,73066000,6.045,339757000,0.011,1
MGM,2.776,802842000,-0.286,3.08,1.569,451962000,776075000,1582374000,-2046936000,-0.266,0,1,1136576000,2.997,1472522000,0.119,0
MCHP,8.304,-472700000,0.952,0.41,0.915,510600000,-465300000,100500000,732600000,-1.861,297000000,0,1368700000,5.556,8085100000,0.003,0
MU,4.176,646000000,0.022,-6.6,-4.337,-7189000000,-679000000,-7822000000,429000000,0.572,300000000,0,-6985000000,-5.37,1907000000,-0.195,1
MSFT,2.593,51000000,-0.329,2.96,0.797,10926000000,-4873000000,22669000000,3025000000,0.87,2150000000,0,15483000000,2.069,8096000000,0.162,1
MAA,-0.892,18868000,0.008,1.14,0.192,44330000,56062000,130912000,9601000,2.727,0,1,69671000,0.564,-15318000,0.073,1
MHK,12.899,15735000,-0.113,-1.19,6.928,-162027000,-18431000,-117493000,142482000,-0.115,0,1,-12962000,4.343,-398832000,-0.011,0
TAP,-0.579,-534500000,-0.08,-4.05,-1.373,16400000,-1196300000,-874800000,883800000,-0.049,0,1,-190200000,-1.016,-1187300000,-0.081,0
MDLZ,1.282,191000000,-0.08,0.38,-0.072,-15000000,-111000000,489000000,-502000000,0.638,0,1,-70000000,0.092,182000000,0.02,1
MPWR,2.768,256000,-0.004,0.03,0.169,23657000,-89686000,3571000,34583000,1.225,14302000,0,45539000,0.762,29545000,-0.008,1
MNST,1.212,160444000,-0.019,0.26,-0.106,223210000,51553000,114831000,103890000,-1.151,0,1,393636000,0.915,63081000,0.003,0
MCO,0.833,147000000,-3.881,0.67,1.33,386300000,-466500000,112400000,256500000,2.917,0,1,386300000,2.323,558300000,-0.001,1
MS,3.45,-5025000000,0.344,0.45,20.901,1312000000,-11826000000,294000000,1248000000,-0.054,0,1,1312000000,2.133,40607000000,0.001,1
MOS,-3.087,-328600000,0.166,-4,-1.644,-601100000,984700000,-1537400000,1403300000,-0.371,0,1,-681000000,-1.709,416400000,-0.169,0
MSI,3.76,-256000000,-7.915,-0.74,4.09,451000000,-245000000,-98000000,125000000,0.888,50000000,0,544000000,2.125,640000000,-0.022,1
MSCI,1.004,602391000,-34.458,0.83,1.28,116186000,587717000,55763000,47383000,7.389,16923000,0,123812000,1.955,726707000,0.008,1
NDAQ,1.233,-224000000,-0.412,1.92,-0.477,9000000,-411000000,316000000,20000000,0.998,0,1,-15000000,-0.027,-1966000000,0.075,1
NTAP,-3.422,-616000000,3.246,4.32,-1.159,246000000,-1113000000,1093000000,150000000,-1.072,44000000,0,235000000,2.141,-147000000,0.177,0
NFLX,5.286,1223954000,-0.477,1.48,-0.528,1889431000,242499000,655674000,890403000,-1.621,323335000,0,4362106000,9.762,5657920000,0.016,1
NWL,0.657,-147100000,-0.227,14.85,1.217,210600000,-134800000,7024500000,-7136200000,-0.072,0,1,1084000000,4.73,-1792600000,0.813,1
NEM,6.808,-1154000000,-0.056,3.18,0.245,1385000000,-1331000000,2464000000,898000000,1.227,65000000,0,2487000000,-1.555,8354000000,0.241,1
NWSA,-0.313,-391000000,-0.041,2.87,-0.125,331000000,-397000000,1669000000,183000000,-0.067,0,1,1050000000,1.734,-469000000,0.183,1
NEE,3.524,-38000000,0.122,-6.21,3.355,1536000000,-7415000000,-2869000000,463000000,1.831,0,1,2477000000,3.926,10042000000,-0.201,1
NLSN,-1.836,-70000000,1.173,0.83,0.014,-34000000,62000000,297000000,-416000000,-0.41,0,1,-17000000,-0.054,-205000000,0.045,0
NKE,-0.407,217000000,0.327,1.36,0.577,1518000000,-224000000,2096000000,1191000000,0.08,0,1,2720000000,2.022,1953000000,0.05,1
NI,-0.15,27300000,-0.006,1.06,3,320900000,-55400000,433700000,-445100000,0.069,0,1,94400000,-0.441,620000000,0.076,1
NSC,2.048,222000000,0.139,0.74,1.416,-108000000,378000000,56000000,-138000000,0.804,0,1,-162000000,1.413,1862000000,0.008,1
NTRS,4.609,3843900000,-0.245,-0.02,3.634,112900000,-185900000,-64200000,126600000,-0.266,0,1,112900000,1.602,4033200000,-0.016,0
NOC,4.958,666000000,0.06,-5.31,3.073,468000000,10312000000,-981000000,279000000,0.353,0,1,3746000000,26.63,2804000000,-0.041,1
NLOK,0.925,17000000,-0.359,-1.8,0.767,-121000000,2490000000,-1107000000,-452000000,0.129,-43000000,0,-103000000,-0.361,-536000000,-0.228,1
NCLH,3.575,89025000,0.011,0.05,-1.417,121065000,101364000,-24615000,162049000,-0.829,0,1,407250000,2.914,926051000,-0.014,0
NOV,-16.197,-256000000,0.255,-15.88,0.526,-599000000,-246000000,-6064000000,5891000000,-0.255,0,1,26000000,-0.166,-604000000,-0.715,0
NRG,10.387,-227000000,16.143,16.06,1.27,148000000,245000000,4170000000,-160000000,-0.366,-4000000,0,343000000,6.307,-990000000,0.424,0
NUE,2.346,135719000,-0.059,-3.3,-0.161,-1616323000,-314063000,-1089624000,-192558000,-0.187,0,1,-2478421000,-7.039,-165130000,-0.038,0
NVDA,4.674,10114000000,-0.004,-2.22,1.846,-403000000,13334000000,-1345000000,555000000,9.247,453000000,0,-798000000,-1.342,1161000000,-0.097,1
NVR,144.933,428595000,-0.124,21.73,38.189,58805000,385865000,81342000,14693000,0.677,0,1,216540000,54.175,111200000,0.008,1
NXPI,1.226,-1744000000,0.065,-5.92,-4.908,-233000000,758000000,-1965000000,-140000000,0.32,-57000000,0,-530000000,2.597,-479000000,-0.208,1
ORLY,0.817,9091000,4.406,1.8,-0.959,354725000,24124000,66555000,249183000,-0.304,0,1,613557000,14.697,2692698000,-0.002,0
OXY,9.781,479000000,1.138,-6.62,-2.844,-1743000000,-820000000,-4798000000,3277000000,-1.296,136000000,0,2298000000,-1.544,52574000000,-0.264,0
ODFL,3.771,213289000,-0.026,0.186,1.643,85084000,150469000,9850000,83429000,0.982,0,1,65416000,1.219,50051000,0,1
OMC,1.773,653300000,-0.242,0.24,1.262,-336500000,796900000,12700000,-503700000,0.037,0,1,-336500000,0.599,1899600000,0.003,1
OKE,-0.935,8983000,0.732,0.29,-4.712,190605000,34201000,126874000,114791000,0.892,0,1,-2428829000,-6.026,3934042000,0.035,1
ORCL,-5.101,-1106000000,1.973,2.12,0.235,-239000000,-942000000,7258000000,-95000000,0.331,-65000000,0,-325000000,1.206,-4694000000,0.185,1
PCAR,3.499,739200000,-0.044,0.63,-0.399,473400000,-332000000,192800000,143400000,-0.018,20500000,0,2104000000,6.857,1765500000,0,1
PKG,4.164,318000000,-0.102,-0.46,1.882,-1300000,173400000,-41600000,12700000,-0.008,0,1,-50300000,-0.655,267500000,-0.005,0
PH,2.146,2397630000,0.334,3.65,1.476,77289000,2460379000,451563000,-98145000,-0.17,0,1,17932000,3.436,2153944000,0.032,0
PAYX,1.654,366000000,-0.375,0.28,0.069,231600000,-1538900000,100700000,147800000,0.61,0,1,391600000,1.085,617300000,-0.002,1
PAYC,3.349,87949000,0.176,0.77,0.118,152351000,655749000,43511000,99842000,5.737,26833000,0,171335000,3.002,773116000,0.003,1
PYPL,1.387,-226000000,0.222,0.35,-0.638,873000000,-2438000000,402000000,348000000,1.015,1014000000,0,2321000000,2.088,6458000000,0.005,1
PENN,8.483,-42198000,-7.328,-0.58,-4.322,806946000,-227820000,-49619000,869138000,-0.177,0,1,1713482000,8.871,2112809000,-0.018,1
PNR,1.09,8200000,0.046,0.12,-0.483,3800000,20200000,8300000,8000000,-0.041,2200000,0,-7900000,0.591,215200000,0.003,0
PBCT,1.02,-131000000,0.044,-0.02,-0.929,242700000,-180400000,52300000,166600000,-0.742,0,1,242700000,0.021,9299200000,-0.01,0
PEP,0.309,-5209000000,-0.036,-3.61,-0.435,1749000000,-5311000000,-5201000000,1568000000,0.512,0,1,2500000000,2.309,633000000,-0.085,1
PKI,1.951,28766000,0.012,-0.09,0.614,55116000,61634000,-10369000,17027000,-0.272,-4662000,0,105677000,0.836,334173000,-0.007,0
PRGO,1.543,-196800000,0.009,0.12,-1.72,-58200000,-69200000,15100000,-26500000,0.107,-31200000,0,105700000,1.232,182000000,0.002,1
PFE,0.54,166000000,0.139,1.02,-0.526,-868000000,330000000,5120000000,1421000000,-0.83,644000000,0,-1897000000,0.157,8378000000,0.106,0
PM,0.573,268000000,-0.476,-0.47,0.764,425000000,2101000000,-726000000,1271000000,0.252,0,1,-1902000000,-1.266,1934000000,-0.007,1
PSX,2.814,-1405000000,0.166,-5.07,-8.411,-2435000000,-1305000000,-2519000000,842000000,-0.03,0,1,-4658000000,0.08,4402000000,-0.021,0
PNW,1.717,4517000,0.022,0.23,-2.471,-96761000,12661000,27273000,4966000,0.443,0,1,-220038000,-2.049,610562000,0.017,1
PXD,1.744,-120000000,0.095,-1.21,2.535,-687000000,-49000000,-222000000,-418000000,-0.019,-56000000,0,-111000000,0.655,1156000000,-0.023,0
PNC,8.121,11973000000,0.31,0.64,-0.316,695000000,-906000000,68000000,278000000,-0.313,0,1,695000000,3.196,26407000000,-0.007,0
POOL,4.75,12225000,-1.934,0.75,4.503,54752000,25807000,27114000,27395000,0.607,0,1,201420000,5.949,55805000,0.004,1
PPG,2.786,314000000,-0.108,-0.25,2.48,120000000,848000000,-98000000,122000000,0.168,-9000000,0,-228000000,-0.928,1022000000,-0.005,1
PPL,1.284,194000000,-0.207,-0.2,-0.308,-12000000,61000000,-81000000,0,0.542,0,1,-16000000,-0.387,950000000,-0.01,1
PFG,12.292,-461600000,-2.434,-0.41,1.32,276100000,-968300000,-152300000,367200000,-0.008,0,1,1984900000,7.901,29948200000,-0.023,1
PG,-2.241,1670000000,0.182,-2.3,0.273,352000000,4670000000,-5853000000,8576000000,1.148,0,1,852000000,0.187,2089000000,-0.088,1
PGR,4.84,152400000,-0.286,2.3,-0.157,3293800000,352700000,1355000000,1273900000,-0.145,0,1,7043300000,11.933,5457800000,0.02,1
PLD,-3.377,744999000,0.05,-0.42,1.063,364933000,848189000,-76402000,-637831000,5.422,0,1,526172000,0.339,1343290000,-0.116,1
PRU,40.112,974000000,-2.562,0.59,-3.535,1777000000,20000000,112000000,1526000000,-0.032,0,1,1815000000,9.227,66786000000,0,0
PTC,2.696,9633000,-0.446,-0.68,0.081,14623000,29653000,-79447000,24818000,-1.627,-2886000,0,13807000,-0.004,8157000,-0.064,0
PEG,1.412,-30000000,0.01,0.5,2.405,137000000,93000000,255000000,492000000,-0.277,0,1,380000000,0.754,1692000000,0.02,0
PSA,-0.42,48525000,0.056,-1.26,0.058,35482000,121569000,-190497000,-17465000,0.279,0,1,92543000,0.502,502235000,-0.094,1
PHM,2.895,117756000,-0.149,0.11,-1.19,23977000,-709776000,-5323000,31941000,0.452,0,1,24626000,1.278,-97777000,0,1
PVH,4.434,51400000,0.31,-4.12,4.068,80100000,93300000,-329100000,277300000,-0.716,0,1,252200000,11.287,1783600000,-0.035,0
QRVO,-2.611,-215002000,-0.004,1.39,0.143,48217000,-595643000,173413000,-6285000,-0.987,5379000,0,116789000,1.391,-157610000,0.057,0
PWR,4.235,86111000,0.093,0.84,1.487,120288000,147008000,108698000,81031000,-0.002,0,1,940730000,10.092,807517000,0.007,1
QCOM,3.423,62000000,-28.508,6.95,3.162,3186000000,23314000000,9250000000,-3739000000,0.61,-227000000,0,1541000000,4.522,-3710000000,0.395,1
DGX,3.42,1057000000,0.169,0.97,0.914,84000000,1059000000,122000000,-46000000,0.384,0,1,195000000,1.8,1420000000,0.013,1
RL,-1.534,-720500000,0.031,3.36,-2.437,134300000,-1372700000,268100000,70700000,-0.34,0,1,130700000,2.654,-30300000,0.042,0
RJF,2.836,29453000,0.029,1.43,-9.069,464070000,199366000,177305000,393947000,0.105,0,1,465682000,4.82,1226422000,0.016,1
RTX,0.837,1226000000,-0.149,-0.1,2.231,3465000000,4014000000,268000000,2008000000,0.19,553000000,0,10545000000,7.048,1898000000,-0.007,1
O,3.001,43624000,0.012,0.12,-5.052,141494000,41005000,72868000,45080000,2.484,0,1,163753000,0.135,1611133000,0.019,1
REG,-1.148,70372000,0.077,-0.04,-1.273,11908000,74563000,-9697000,22165000,-0.41,0,1,12163000,0.064,347797000,-0.011,0
REGN,20.393,150100000,-0.005,-3.27,1.526,804500000,-504900000,-328600000,1129100000,-1.164,850500000,0,1152600000,9.814,738300000,-0.095,0
RF,2.558,576000000,-0.582,-0.04,0.47,-51000000,1019000000,-192000000,-81000000,-0.098,0,1,-51000000,0.442,-653000000,-0.032,0
RSG,1.033,-23400000,0.067,0.17,-0.046,110100000,89900000,36400000,55700000,0.611,0,1,258500000,1.359,875400000,0.001,1
RMD,0.058,-41573000,0.494,0.62,-0.371,174421000,591661000,89004000,136989000,0.731,25502000,0,266376000,1.822,1030546000,0.02,1
RHI,1.067,-6101000,0.231,0.33,-0.418,120505000,12073000,20145000,87335000,1.155,0,1,274161000,4.392,327826000,0,1
ROK,-9.482,399600000,11.253,1.61,-0.463,27900000,1191700000,160300000,-60500000,0.352,0,1,28800000,3.434,1064300000,0.024,1
ROL,0.316,-21209000,0.601,-0.09,0.069,94756000,-29644000,-28316000,137192000,-1.064,0,1,193912000,0.589,546410000,-0.026,0
ROP,16.371,345300000,-0.063,7.87,0.174,147600000,652200000,823500000,45600000,0.58,0,1,175600000,1.352,1106000000,0.147,1
ROST,0.425,-61707000,0.946,0.33,0.035,245622000,-191476000,73471000,140154000,-0.421,0,1,1055532000,4.197,3221173000,-0.002,0
RCL,5.111,-44114000,0.001,0.37,4.175,656254000,-211854000,67845000,468354000,-0.956,0,1,1456812000,7.011,1535668000,-0.019,0
SPGI,-0.551,928000000,6.445,0.85,3.068,341000000,1749000000,165000000,-95000000,2.96,0,1,441000000,2.356,1390000000,0.004,1
CRM,20.096,1476000000,-0.343,-1.33,0.717,3032000000,1350000000,-984000000,3288000000,-0.123,880000000,0,3816000000,2.939,6109000000,-0.077,1
SBAC,-3.119,-37356000,-0.526,0.89,1.133,124714000,-111185000,99540000,85392000,5.522,0,1,148950000,1.623,2836418000,0.048,1
SLB,-8.955,-296000000,0.415,-8.86,0.161,-140000000,49000000,-12275000000,12837000000,-0.282,15000000,0,102000000,0.074,-1785000000,-0.373,0
STX,1.886,367000000,-1.542,3.03,-2.203,-432000000,1080000000,830000000,-285000000,-0.221,-35000000,0,-794000000,-1.989,-1022000000,0.088,0
SEE,0.915,-9300000,-14.897,0.49,0.456,62700000,313000000,69900000,140500000,-0.409,0,1,58400000,1.36,562600000,0.014,0
SRE,7.781,-104000000,-0.214,3.95,-0.974,278000000,89000000,1148000000,-574000000,1.029,0,1,-858000000,-4.629,2470000000,0.111,1
NOW,5.164,209574000,-0.661,3.51,1.909,677634000,368744000,653402000,593085000,2.731,218868000,0,851621000,3.889,1126548000,0.191,1
SHW,4.471,6295000,-0.158,4.87,3.346,617538000,55008000,432554000,207886000,0.628,0,1,366307000,4.978,969366000,0.023,1
SPG,-2.437,155038000,3.036,-1.06,-0.055,83590000,1123012000,-338474000,99477000,-2.443,0,1,97270000,0.443,1442215000,-0.066,0
SWKS,1.162,118000000,-0.005,-0.14,0.961,-346900000,1001500000,-64800000,20400000,1.625,19600000,0,-491200000,-1.872,-14600000,0.016,1
SNA,6.83,43600000,-0.064,0.51,-1.507,-10200000,-5300000,13600000,-16400000,-0.043,0,1,-2700000,1.526,8200000,0.003,0
SO,1.892,579000000,-0.288,2.35,-0.872,59000000,1087000000,2512000000,-1208000000,1.246,0,1,-2076000000,-2.557,-934000000,0.126,1
LUV,1.812,694000000,-0.029,-0.02,0.537,587000000,335000000,-165000000,836000000,-0.172,0,1,463000000,5.023,-327000000,-0.009,0
SWK,7.544,9000000,-0.222,2.38,1.939,-45600000,346900000,350600000,-153900000,0.215,0,1,459800000,1.385,-113700000,0.023,1
SBUX,-5.949,-6069700000,-23.734,-0.32,-4.551,3436700000,-12363700000,-919100000,3238900000,0.331,0,1,1789100000,3.829,2470000000,-0.047,1
STT,-0.597,-4370000000,0.185,-1.05,-13.065,-226000000,-1400000000,-401000000,66000000,0.067,0,1,-226000000,-0.43,1343000000,-0.03,1
STE,-0.298,19099000,-0.025,0.17,0.725,81204000,100483000,13136000,73193000,0.675,2256000,0,162174000,1.946,-95761000,-0.002,1
SYK,2.888,721000000,0.035,-3.93,-1.325,758000000,-353000000,-1470000000,582000000,0.539,109000000,0,1283000000,3.44,1861000000,-0.121,1
SIVB,28.129,3210244000,-0.147,3.55,4.416,660562000,2561780000,163016000,413069000,-1.765,0,1,660562000,13.742,12720687000,-0.028,0
SYF,3.917,2751000000,-0.328,1.83,1.494,1393000000,3712000000,957000000,150000000,-0.64,0,1,1393000000,3.984,-2376000000,0.049,0
SNPS,3.899,5482000,-0.198,0.65,1.817,222588000,330767000,99849000,62582000,2.164,52110000,0,239636000,1.482,-344675000,0.019,1
SYY,0.048,-38865000,-0.029,0.5,0.511,323596000,-29941000,243505000,322420000,-0.034,0,1,1386598000,3.994,-99528000,0.004,0
TMUS,4.616,325000000,0.087,0.66,2.483,1521000000,341000000,580000000,1108000000,0.236,0,1,1688000000,1.714,10382000000,0.01,1
TROW,4.167,356600000,0.021,1.41,-0.559,245300000,873500000,293800000,219700000,1.417,0,1,245300000,1.061,282600000,0.037,1
TTWO,5.114,145615000,-0.431,1.38,3.994,250169000,280038000,160304000,179074000,-2.898,33797000,0,875502000,8.035,-46386000,0.028,0
TPR,0.771,-274200000,-0.101,0.83,-0.767,199800000,1155300000,245900000,56500000,-1.591,0,1,147100000,0.223,-69800000,0.039,0
TGT,1.789,1021000000,-0.04,0.87,3.32,1191000000,2108000000,344000000,643000000,0.149,0,1,2756000000,10.333,953000000,0.003,1
TEL,0.326,79000000,-0.019,-1.87,0.68,-351000000,449000000,-721000000,2000000,0.434,-36000000,0,-540000000,-0.179,-431000000,-0.046,1
TDY,12.503,57000000,-0.021,1.76,0.787,132500000,-14600000,68500000,57400000,1.348,0,1,261800000,6.096,285500000,0.012,1
TFX,8.894,-56078000,-0.354,5.6,-0.514,107170000,-79681000,260664000,1620000,1.444,7649000,0,146979000,2.589,-407513000,0.096,1
TER,0.573,-152828000,0.105,0.33,0.674,119435000,-649737000,15689000,39578000,1.007,21319000,0,194163000,2.272,122604000,-0.011,1
TSLA,8.519,2635831000,-0.799,0.8,6.797,26979000,2194571000,114091000,-292094000,3.472,-117370000,0,3116732000,13.005,2772990000,0.01,1
TXN,0.244,-1000000,0.118,-0.38,-0.046,-1113000000,-783000000,-563000000,-123000000,2.157,-15000000,0,-1401000000,-0.906,968000000,-0.005,1
TXT,2.072,250000000,-0.025,-1.36,-0.507,-154000000,286000000,-407000000,-161000000,-0.185,0,1,-342000000,0.231,428000000,-0.027,0
TMO,5.566,296000000,-0.071,1.93,0.667,471000000,-451000000,758000000,-340000000,0.582,36000000,0,1184000000,3.263,60000000,0.024,1
TJX,0.855,186523000,1.221,0.24,-0.034,729440000,-85229000,212395000,495302000,-0.28,0,1,2744043000,3.128,8919368000,-0.001,0
TSCO,0.355,-2058000,1.4,0.36,1.575,169242000,20791000,29997000,127759000,-0.097,0,1,440885000,5.258,2198703000,0,0
TT,1.486,400200000,0.269,0.43,2.607,326800000,1046200000,73300000,226600000,0.478,0,1,930700000,4.926,2329800000,0,1
TDG,-18.923,-605531000,1.133,-2.36,-0.824,631761000,-2027987000,-11144000,360176000,0.878,0,1,1412077000,24.283,5133876000,-0.087,1
TRV,14.164,121000000,-0.308,0.64,3.639,457000000,92000000,99000000,288000000,0.001,0,1,1299000000,8.219,2840000000,0,1
TRMB,1.738,16700000,-0.031,0.92,0.381,99900000,202700000,231500000,44700000,-0.197,23600000,0,155900000,0.582,418700000,0.067,0
TFC,43.628,15078000000,-0.371,-0.2,-3.738,961000000,14317000000,-13000000,1002000000,1.949,0,1,961000000,0.626,2.11001E+11,-0.026,1
TWTR,2.272,-95362000,-0.034,0.3,-0.139,244926000,-361099000,260063000,331878000,0.854,128423000,0,416970000,0.455,642025000,0.028,1
TYL,6.448,98403000,0.003,-0.05,-0.419,77322000,150050000,-935000,73447000,3.295,18078000,0,151145000,3.153,108439000,-0.023,1
TSN,3.716,214000000,0.067,-2.77,-1.375,-104000000,262000000,-1002000000,124000000,0.235,0,1,2353000000,7.086,2573000000,-0.028,1
UDR,0.939,-175600000,0.244,-0.11,-4.423,78489000,-362661000,-18141000,212150000,1.122,0,1,105334000,0.135,1412282000,-0.033,1
ULTA,2.479,-16926000,0.804,1.21,3.243,271753000,-148732000,47386000,224739000,-1.713,0,1,681453000,15.708,1590824000,-0.003,0
USB,1.569,952000000,0.395,0.01,-3.373,237000000,-996000000,-182000000,321000000,0.021,0,1,237000000,0.583,27226000000,-0.013,1
UAA,0.244,230669000,0.148,0.3,-0.247,130062000,-17977000,138441000,-131725000,-0.647,0,1,73947000,0.031,465293000,0.026,0
UNP,-1.43,-442000000,0.506,0.46,0.339,-423000000,-525000000,-47000000,-460000000,0.725,0,1,-1124000000,0.451,4821000000,0.012,1
UAL,9.032,995000000,0.082,3.9,2.09,1996000000,861000000,880000000,987000000,-0.134,0,1,1956000000,19.615,6283000000,0.018,0
UNH,6.903,119000000,0.082,2.1,3.063,3752000000,1234000000,1853000000,1411000000,0.052,0,1,15908000000,19.692,15733000000,0.004,1
UPS,0.294,1013000000,1.154,-0.39,-4.808,2265000000,273000000,-351000000,1491000000,-0.104,0,1,2233000000,2.771,7595000000,-0.007,0
URI,8.739,9000000,-0.376,1.92,5.04,306000000,318000000,78000000,105000000,0.063,0,1,1304000000,24.623,410000000,-0.01,1
UHS,4.232,-43952000,0.03,0.81,1.815,605981000,-126406000,35149000,565335000,-0.092,0,1,605981000,12.7,289692000,0,0
UNM,8.925,-9900000,-0.452,2.87,1.349,924600000,-26500000,576900000,132900000,-0.179,0,1,400400000,5.075,3794600000,0.047,0
VLO,1.93,-399000000,0.171,-1.46,2.16,-816000000,2469000000,-700000000,-80000000,-0.02,0,1,-8709000000,-12.439,3904000000,-0.005,0
VTR,-0.659,14638000,0.141,0.03,-2.646,7711000,69132000,23549000,40306000,-0.054,0,1,126940000,-0.127,1748258000,0.003,1
VRSN,-0.361,150781000,0.138,0.04,0.197,28359000,259234000,29810000,-10376000,2.526,2921000,0,16692000,-0.316,44131000,0.018,1
VRSK,1.261,45100000,0.271,-0.88,0.254,121400000,48200000,-148800000,258600000,2.236,0,1,212000000,1.409,964700000,-0.077,1
VZ,1.963,-151000000,-0.226,0.9,0.02,1787000000,-1027000000,3737000000,-6313000000,0.083,0,1,1005000000,0.167,18773000000,0.027,1
VRTX,6.262,459188000,-0.041,-3.66,1.199,977005000,-528299000,-920086000,410130000,-0.587,338064000,0,1115224000,4.23,422526000,-0.405,1
VFC,1.5,-23064000,-0.268,1.65,0.309,1054943000,529026000,644869000,882193000,-0.095,0,1,2037483000,5.269,-180333000,0.039,1
VIAC,14.001,310000000,-4.053,0.18,-1.952,5186000000,-299000000,1348000000,3757000000,-0.655,0,1,13298000000,6.401,17175000000,-0.016,0
V,0.755,-610000000,0.056,0.89,0.156,2094000000,1567000000,1779000000,47000000,1.686,0,1,2368000000,1.436,2671000000,0.026,1
VNO,11.809,890226000,-1.03,14.21,6.08,-193523000,2088133000,2697983000,-509575000,0.556,0,1,-239020000,-1.288,-1202229000,1.432,0
VMC,3.194,230102000,0.004,0.77,1.792,154956000,332344000,101857000,25211000,-0.053,0,1,546234000,4.152,397709000,0.007,1
WRB,3.408,206108000,-0.192,0.207,2.79,54131000,338977000,41195000,17081000,0.502,0,1,210545000,1.056,1108907000,0.003,1
WAB,28.549,-1738154000,-1.118,-1.15,2.468,1044115000,-3847053000,31756000,854452000,0.168,122450000,0,3836453000,2.638,3170441000,-0.028,1
WMT,1.449,1743000000,0.149,2.94,-0.903,255000000,1017000000,8211000000,1644000000,0.074,0,1,9559000000,8.222,15282000000,0.015,1
WBA,-0.728,238000000,0.255,-0.75,-2.737,-716000000,2748000000,-1042000000,700000000,-0.148,0,1,5329000000,15.793,2011000000,-0.009,0
DIS,21.133,1268000000,0.188,-1.72,-5.513,844000000,1209000000,-1544000000,4980000000,0.976,0,1,10136000000,2.362,54329000000,-0.053,1
WM,1.835,3517000000,0.316,-0.56,0.414,294000000,3574000000,-255000000,377000000,0.643,0,1,541000000,1.197,4299000000,-0.021,1
WAT,-23.554,-460565000,-14.201,1.05,0.484,-31469000,-614526000,-1596000,-44360000,-1.796,-448000,0,-13333000,4.155,613168000,0.001,0
WEC,1.038,-47000000,0.036,0.24,-0.776,143500000,-151300000,74700000,80500000,0.912,0,1,-156400000,-0.488,1151500000,0.013,1
WFC,1.73,-32037000000,0.635,-0.23,-5.984,-2288000000,10623000000,-2844000000,-711000000,-0.484,0,1,-2288000000,1.112,40754000000,-0.026,0
WELL,-0.491,69637000,0.076,1.04,1.571,163782000,62811000,427478000,-71335000,0.912,0,1,420807000,0.163,2066820000,0.08,1
WST,2.365,101700000,0.071,0.47,0.766,60300000,200000,34800000,6500000,2.173,-1400000,0,122500000,1.624,185600000,0.011,1
WDC,-4.691,-1550000000,0.111,-4.85,-8.729,-3953000000,-201000000,-1429000000,-423000000,0.041,-218000000,0,-4078000000,-12.776,-1301000000,-0.079,0
WU,0.594,477100000,-192.693,0.58,0.44,-83500000,341800000,206400000,104600000,0.694,0,1,-297800000,0.003,-508600000,0.048,1
WRK,0.016,-485200000,0.373,-4.1,-1.486,355100000,-823900000,-1043200000,143200000,-0.155,0,1,2003900000,6.689,4594400000,-0.07,0
WY,-1.026,-195000000,0.099,-1.09,0.27,-715000000,295000000,-824000000,28000000,0.938,-8000000,0,-922000000,-1.121,26000000,-0.112,1
WHR,16.065,454000000,-1.988,21.32,1.449,-4000000,169000000,1367000000,-1296000000,0.055,0,1,-618000000,7.498,-379000000,0.067,1
WMB,-4.032,121000000,0.222,0.86,0.864,332000000,852000000,1005000000,-821000000,-0.757,0,1,-485000000,-2.155,371000000,0.121,0
WLTW,3.311,-146000000,0.173,2.76,-1.453,526000000,-180000000,349000000,6000000,0.325,0,1,526000000,4.283,2669000000,0.033,1
WYNN,-2.766,138969000,1.469,-4.22,4.44,-87339000,726280000,-449445000,-230100000,-0.28,0,1,-106561000,-1.125,928329000,-0.066,0
XEL,1.591,101000000,0.048,0.17,-0.22,270000000,37000000,111000000,131000000,0.785,0,1,-8000000,-0.363,3444000000,0.01,1
XLNX,1.985,-634838000,-0.37,1.47,0.88,320536000,-1847471000,377369000,108791000,2.677,103277000,0,520036000,1.93,-435613000,0.089,1
XYL,1.033,428000000,0,-0.82,1.465,20000000,546000000,-148000000,188000000,0.076,2000000,0,42000000,0.201,303000000,-0.029,1
YUM,-0.78,313000000,-0.132,-0.57,0.646,156000000,1488000000,-248000000,522000000,0.472,0,1,-91000000,0.043,1191000000,-0.04,1
ZBRA,9.268,-14000000,-0.688,2.22,-1.83,119000000,4000000,123000000,37000000,0.301,3000000,0,267000000,4.743,-132000000,0.021,1
ZBH,5.013,75100000,-0.151,7.38,-2.211,68600000,56700000,1510800000,-1035100000,0.917,57600000,0,49300000,-0.063,-604800000,0.19,1
ZION,0.898,-97000000,0.44,1.65,1.628,236000000,255000000,292000000,29000000,-0.807,0,1,236000000,1.697,2559000000,0.088,0
ZTS,1.141,332000000,-0.669,0.18,-0.214,354000000,294000000,72000000,226000000,3.331,25000000,0,435000000,1.035,245000000,-0.005,1
