,bookValuePerShare,cashAndEquivalents,debtToEquityRatio,earningsPerBasicShare,freeCashFlowPerShare,grossProfit,marketCapitalization,netCashFlow,netIncome,operatingExpenses,priceSales,researchAndDevelopmentExpense,revenues,salesPerShare,totalLiabilities,profitMargin
MMM,17.44,2353000000,3.432,7.92,9.522,15000000000,93759484000,-500000000,4570000000,8826000000,2.918,1911000000,32136000000,55.695,34533000000,0.142
ABT,17.704,4140000000,1.169,2.07,2.544,18673000000,154212237100,16000000,3687000000,14141000000,4.834,2440000000,31904000000,18.045,36586000000,0.116
ABBV,-5.518,39924000000,-11.905,5.3,8.624,25827000000,139349313101,32635000000,7882000000,12844000000,4.189,6407000000,33266000000,22.462,97287000000,0.237
ABMD,20.861,121021000,0.125,5.77,4.636,639865000,11851558825,78046000,259016000,415053000,15.403,93503000,769432000,17.132,117456000,0.337
ACN,22.581,6126853000,1.038,7.49,9.447,13314688000,121174374552,1065493000,4779112000,7009614000,2.804,0,43215013000,67.725,14962189000,0.111
ATVI,16.695,5794000000,0.55,1.96,2.236,4395000000,44868691495,1569000000,1503000000,2788000000,6.915,998000000,6489000000,8.46,7040000000,0.232
ADBE,21.654,2650221000,0.972,6.07,8.282,9498577000,168745841250,1007446000,2951458000,6230456000,15.105,1930228000,11171297000,22.972,10232245000,0.264
AMD,2.591,1466000000,1.132,0.31,0.253,2868000000,57839762955,387000000,341000000,2237000000,8.593,1547000000,6731000000,6.17,3201000000,0.051
AAP,50.079,418665000,2.169,6.87,8.544,4254746000,9818660775,-477862000,486896000,3577566000,1.011,0,9709003000,136.999,7699444000,0.05
AES,4.512,1365000000,9.486,0.46,0.092,2349000000,12145235541,-72000000,303000000,461000000,1.192,0,10189000000,15.344,28419000000,0.03
AFL,39.007,4896000000,4.275,4.45,7.348,10365000000,37231491671,559000000,3304000000,5692000000,1.669,0,22307000000,30.047,123809000000,0.148
A,15.121,1382000000,0.991,3.41,2.758,2805000000,26213600402,-866000000,1071000000,1864000000,5.077,404000000,5163000000,16.443,4704000000,0.207
APD,50.175,2248700000,0.683,7.99,4.449,2943400000,51669712020,-542600000,1760000000,828100000,5.793,72900000,8918900000,40.485,7554500000,0.197
AKAM,22.482,393745000,0.916,2.94,3.05,1905993000,13981735989,-642841000,478035000,1357075000,4.832,261365000,2893617000,17.784,3348928000,0.165
ALK,35.132,221000000,2.0,6.24,8.323,4938000000,16729429413,118000000,769000000,3875000000,1.905,0,8781000000,71.229,8662000000,0.088
ALB,37.115,613110000,1.467,5.03,-1.152,1257778000,9096557347,57790000,533228000,591655000,2.534,58287000,3589427000,33.879,5767283000,0.149
ARE,72.256,242689000,0.928,3.13,-22.77,1085804000,20587812026,-29441000,363165000,665769000,13.445,0,1531296000,12.48,8224025000,0.229
ALXN,50.501,2685500000,0.557,10.77,8.648,4596600000,22791005764,1356300000,2404300000,2464600000,4.566,886000000,4991100000,22.362,6272800000,0.482
ALGN,16.949,550425000,0.858,5.57,7.524,1743897000,17146925745,-86432000,442776000,1201404000,7.124,157361000,2406796000,30.303,1154533000,0.184
ALLE,8.179,358700000,2.914,4.29,4.564,1252300000,12441806136,68100000,401800000,687200000,4.359,0,2854000000,30.821,2206800000,0.141
LNT,21.824,16300000,2.17,2.34,-3.681,1344900000,14491134464,-7800000,567400000,567200000,3.973,0,3647700000,15.294,11295600000,0.153
ALL,79.214,338000000,3.614,14.25,14.308,18020000000,39126158982,-161000000,4847000000,5920000000,0.876,0,44675000000,136.121,93952000000,0.105
GOOGL,293.098,18498000000,0.37,49.59,45.064,89961000000,993410187347,1797000000,34343000000,55730000000,6.138,26018000000,161857000000,235.502,74467000000,0.212
GOOG,,,,,,,,,,,,,,,,
MO,3.348,2117000000,6.897,-0.7,4.085,12711000000,78962005502,727000000,-1293000000,2385000000,3.145,0,25110000000,13.512,42914000000,-0.051
AMZN,125.628,36092000000,2.63,23.46,52.277,114986000000,999961795072,4237000000,11588000000,100445000000,3.565,35931000000,280522000000,567.858,163188000000,0.041
AMCR,3.45,601600000,2.049,0.36,0.325,1799100000,15787565272,-19200000,430200000,1007400000,1.669,64000000,9458200000,5.817,11490300000,0.045
AEE,32.814,16000000,2.573,3.37,-1.107,2262000000,19452305248,69000000,828000000,995000000,3.291,0,5910000000,24.064,20732000000,0.14
AAL,-0.277,438000000,-509.432,3.8,-0.936,24980000000,12070244218,4000000,1686000000,21915000000,0.264,0,45768000000,107.422,60113000000,0.037
AEP,39.766,432600000,2.846,3.89,-3.608,5263200000,50593070441,-11500000,1921100000,2670900000,3.251,0,15561400000,31.52,55870500000,0.123
AXP,27.864,23932000000,7.596,8.0,14.477,39983000000,108649147681,-3362000000,6759000000,31554000000,2.717,0,39983000000,48.289,175250000000,0.169
AIG,74.907,2856000000,6.968,3.79,-1.058,20512000000,42279648052,-8000000,3348000000,13776000000,0.85,0,49746000000,56.739,457637000000,0.067
AMT,11.429,1578000000,7.164,4.27,6.243,5363500000,109018311437,273100000,1887800000,2675100000,14.382,0,7580300000,17.138,36214700000,0.249
AWK,33.818,60000000,2.706,3.44,-2.072,2066000000,25202539368,-68000000,621000000,616000000,6.981,0,3610000000,19.945,16561000000,0.172
AMP,46.485,6213000000,25.502,14.12,17.834,10391000000,19226127180,330000000,1893000000,7276000000,1.483,0,12967000000,105.214,146099000000,0.146
ABC,13.698,3374194000,12.567,4.07,9.677,5138312000,18082027153,881678000,855365000,4026389000,0.101,0,179589121000,854.515,36178774000,0.005
AME,22.46,393030000,0.924,3.78,4.493,1787660000,23038428155,39055000,861297000,610280000,4.466,0,5158557000,22.649,4729067000,0.167
AMGN,15.988,6037000000,5.173,12.96,14.102,19006000000,133886147913,-908000000,7842000000,9332000000,5.731,4116000000,23362000000,38.615,50034000000,0.336
APH,15.228,908600000,1.373,3.88,4.083,2616000000,30868374600,-388100000,1155000000,996800000,3.753,0,8225400000,27.648,6219300000,0.14
ADI,31.721,648322000,0.827,3.68,5.358,4013750000,42314259174,-168269000,1363011000,2303142000,7.063,1130348000,5991065000,16.23,9683453000,0.228
ANSS,40.985,872094000,0.401,5.36,5.4,1349619000,20975994656,94955000,451295000,834579000,13.837,298210000,1515892000,17.991,1385508000,0.298
ANTM,125.74,4937000000,1.441,18.81,19.752,20435000000,76723435171,1003000000,4807000000,13702000000,0.736,0,104213000000,413.003,45725000000,0.046
AON,14.145,790000000,7.691,6.42,6.748,11013000000,54590847019,134000000,1532000000,8844000000,4.957,0,11013000000,46.157,25956000000,0.139
AOS,10.291,374000000,0.835,2.24,2.419,1180700000,6938839097,114300000,370000000,715600000,2.319,0,2992700000,18.477,1391200000,0.124
APA,8.634,247000000,4.191,-9.43,1.655,870000000,9402718682,-467000000,-3515000000,3512000000,1.489,0,6315000000,16.751,13642000000,-0.563
AAPL,19.595,48844000000,2.741,11.97,12.754,98392000000,1105306601400,24311000000,55256000000,34462000000,4.248,16217000000,260174000000,56.341,248028000000,0.212
AMAT,8.766,3129000000,1.316,2.89,2.995,6386000000,54799256347,-311000000,2706000000,3036000000,3.751,2054000000,14608000000,15.59,10810000000,0.185
APTV,14.871,428000000,2.474,3.85,3.283,2646000000,21645889870,-139000000,990000000,1370000000,1.508,0,14357000000,55.905,9448000000,0.069
ADM,34.147,852000000,1.289,2.45,-11.155,4147000000,24798099108,-853000000,1379000000,2796000000,0.384,0,64656000000,114.842,24772000000,0.021
ANET,37.932,1111286000,0.446,11.26,12.413,1544338000,18172993920,461351000,859444000,738564000,7.538,462759000,2410706000,31.59,1290604000,0.357
AJG,27.387,2623900000,2.797,3.6,5.208,4773700000,19752757710,387100000,668800000,3813900000,2.745,0,7195000000,38.221,14419300000,0.093
AIZ,91.258,1867100000,6.83,5.87,21.09,7432100000,8416005713,613100000,382600000,6735600000,0.834,0,10086800000,162.84,38609100000,0.036
T,25.683,12130000000,1.898,1.9,4.075,97052000000,275725663651,6895000000,13903000000,69097000000,1.522,0,181193000000,25.261,349735000000,0.077
ATO,49.063,24550000,1.325,4.36,-6.184,2043011000,12769759315,10779000,511406000,1296953000,4.401,0,2901848000,24.76,7617396000,0.176
ADSK,-0.633,1774700000,-45.423,0.98,6.199,2949400000,32759182253,888700000,214500000,2606400000,10.005,851100000,3274300000,14.904,6318400000,0.066
ADP,12.414,1949200000,6.757,5.27,4.896,6088600000,72785232050,254100000,2292800000,3064200000,5.135,0,14175200000,32.587,36487800000,0.162
AZO,-68.647,176300000,-6.774,64.78,65.652,6365001000,27396140076,-41524000,1617221000,4148864000,2.309,0,11863743000,475.196,11609764000,0.136
AVB,78.138,127614000,0.74,5.64,-2.073,1556520000,32069203661,-90250000,785974000,724611000,13.795,0,2324626000,16.529,8127601000,0.338
AVY,14.333,253700000,3.559,3.61,5.918,1904100000,9982378632,21700000,303600000,1080400000,1.412,0,7070100000,84.168,4284800000,0.043
BKR,21.271,3249000000,0.861,0.23,1.115,4432000000,22763106580,-474000000,128000000,3358000000,0.955,0,23838000000,23.123,18870000000,0.005
BLL,8.907,1798000000,4.863,1.71,2.869,2271000000,25087794902,1078000000,566000000,1339000000,2.186,0,11474000000,34.654,14341000000,0.049
BAC,28.2,443264000000,8.192,2.77,6.579,91244000000,303054572294,-15844000000,27430000000,54900000000,3.321,0,91244000000,9.717,2169269000000,0.285
BK,44.149,114683000000,8.191,4.53,-1.186,16462000000,36463006392,-991000000,4441000000,10450000000,2.215,0,16462000000,17.52,339780000000,0.26
BAX,15.485,3335000000,1.304,1.97,2.766,4761000000,40839802983,1497000000,1001000000,2989000000,3.594,595000000,11362000000,22.322,10281000000,0.088
BDX,77.945,590000000,1.456,4.01,8.774,8288000000,70427755877,-646000000,1234000000,6528000000,4.073,1062000000,17290000000,63.928,30684000000,0.063
BRK.B,174.458,64175000000,0.916,33.22,9.326,128805000000,558400529414,33821000000,81417000000,23324000000,1.706,0,327223000000,134.387,389166000000,0.249
BBY,13.133,2229000000,3.481,5.82,6.878,10048000000,13025871142,171000000,1541000000,8039000000,0.298,0,43638000000,164.734,12112000000,0.035
BIO,192.844,660672000,0.392,58.93,12.046,1256996000,10534316779,228487000,1758675000,1027335000,4.557,202710000,2311659000,77.461,2253802000,0.761
BIIB,71.316,2913700000,1.041,31.47,34.255,12422500000,58701347070,1688700000,5888500000,5379900000,4.083,2280600000,14377900000,76.846,13895200000,0.41
BLK,215.025,4829000000,3.985,28.69,16.857,11876000000,71686696517,-1659000000,4476000000,6325000000,4.931,0,14539000000,93.19,133693000000,0.308
BA,-15.314,9485000000,-16.47,-1.12,-7.013,4466000000,179091358412,1758000000,-636000000,7132000000,2.339,3219000000,76559000000,136.056,141925000000,-0.008
BKNG,137.714,6312000000,2.607,112.93,104.382,15066000000,68909936255,3687000000,4865000000,9721000000,4.574,0,15066000000,349.705,15469000000,0.323
BWA,22.878,832000000,1.032,3.63,2.562,2101000000,7160348538,93000000,746000000,873000000,0.704,0,10168000000,49.431,4858000000,0.073
BXP,36.775,691886000,2.333,3.31,0.314,1876548000,20001373946,52695000,521534000,830911000,6.756,0,2960562000,19.152,13262304000,0.176
BSX,9.973,217000000,1.203,3.38,0.993,7619000000,55722156379,-222000000,4700000000,6102000000,5.191,1174000000,10735000000,7.715,16688000000,0.438
BMY,22.856,12346000000,1.516,2.02,3.203,18067000000,144412965620,5909000000,3439000000,13092000000,5.524,6148000000,26145000000,11.581,78246000000,0.132
AVGO,62.666,5055000000,1.705,6.77,23.5,12483000000,126895740191,763000000,2724000000,9039000000,5.616,4696000000,22597000000,56.776,42523000000,0.119
BR,9.728,273200000,2.442,4.16,4.887,1230300000,14060204026,9200000,482100000,577500000,3.223,0,4362200000,37.638,2753200000,0.111
BF.B,3.451,307000000,2.12,1.74,1.423,2166000000,27343076443,68000000,835000000,1037000000,8.226,0,3324000000,6.965,3492000000,0.251
CHRW,12.199,447858000,1.778,4.21,5.585,2586310000,9911923679,69243000,576968000,1796334000,0.647,0,15309508000,111.785,2970330000,0.038
COG,5.178,213783000,1.086,1.64,1.588,1397589000,5819202446,211496000,681070000,522335000,2.816,20270000,2066277000,4.973,2335758000,0.33
CDNS,7.696,705210000,0.596,3.62,2.397,2069962000,20001193520,171912000,988979000,1578166000,8.561,935938000,2336319000,8.55,1254331000,0.423
CZR,3.152,1884000000,10.856,-1.77,0.263,4420000000,9080996743,227000000,-1195000000,3802000000,1.039,0,8742000000,12.932,23134000000,-0.137
CPB,3.664,31000000,10.912,0.7,3.369,2693000000,14065415995,-47000000,211000000,1714000000,1.735,91000000,8107000000,26.934,12036000000,0.026
COF,126.905,13407000000,5.729,11.1,34.459,22357000000,47330487878,260000000,5546000000,15483000000,2.117,0,22357000000,48.908,332354000000,0.232
CAH,21.093,2531000000,5.473,4.55,7.98,6834000000,13046329749,768000000,1363000000,4789000000,0.09,0,145534000000,485.113,34633000000,0.009
KMX,22.864,539254000,4.594,5.39,-3.449,2722340000,10336500316,61013000,888433000,1484037000,0.509,0,20319987000,123.274,17313307000,0.044
CCL,35.717,518000000,0.776,4.34,0.101,7916000000,33023089001,-465000000,2990000000,4640000000,1.586,0,20825000000,29.324,19693000000,0.144
CARR,16.28,952000000,0.565,,2.031,5419000000,,-177000000,2116000000,3162000000,,401000000,18608000000,21.482,7971000000,0.114
CTLT,11.516,345400000,2.317,0.92,0.206,805100000,7714453626,-64800000,137400000,531200000,3.064,0,2518000000,17.244,3895800000,0.055
CAT,26.049,8284000000,4.363,10.85,9.608,16416000000,76838431707,402000000,6093000000,8126000000,1.428,1693000000,53800000000,95.798,63824000000,0.113
CBOE,30.122,229300000,0.524,3.35,5.365,1136900000,13540459014,-45800000,374900000,599700000,5.425,0,2496100000,22.407,1758300000,0.149
CBRE,18.561,1093745000,1.592,3.82,2.769,5205078000,18795157870,229801000,1282357000,3965020000,0.787,0,23894091000,71.157,9924084000,0.054
CDW,6.618,154000000,7.33,5.08,5.451,3039900000,16251684284,-51800000,736800000,1906300000,0.901,0,18032400000,124.276,7039100000,0.041
CE,20.23,463000000,2.624,6.88,8.747,1606000000,13086591879,24000000,852000000,779000000,2.078,67000000,6297000000,50.813,6578000000,0.135
CNC,30.354,12123000000,2.255,3.19,1.821,8843000000,39143357122,6781000000,1321000000,7062000000,0.524,0,74639000000,180.511,28302000000,0.018
CNP,16.651,241000000,3.24,1.34,-1.729,2561000000,12094015895,-4007000000,791000000,1335000000,0.983,0,12301000000,24.504,27080000000,0.055
CERN,13.567,441843000,0.597,1.66,1.784,4621557000,24836479037,67717000,529454000,4020888000,4.363,737136000,5692598000,17.888,2577294000,0.093
CF,13.156,287000000,2.256,2.24,5.318,1174000000,8506335815,-395000000,493000000,166000000,1.853,0,4590000000,20.845,6535000000,0.107
SCHW,16.587,49828000000,12.521,2.69,6.573,10721000000,53275058395,7350000000,3704000000,5873000000,4.969,0,10721000000,8.178,272260000000,0.329
CHTR,143.253,3549000000,3.478,7.6,20.993,45764000000,108654161814,2784000000,1668000000,39253000000,2.374,0,45764000000,208.486,109377000000,0.036
CVX,76.737,5686000000,0.639,1.55,8.593,40882000000,206368652445,-3570000000,2924000000,34548000000,1.409,770000000,146516000000,77.962,92220000000,0.02
CMG,60.671,508481000,2.033,12.62,14.48,1142490000,23714119790,228329000,350158000,698532000,4.245,0,5586369000,201.383,3421578000,0.063
CB,122.439,1646000000,2.198,9.77,14.034,14716000000,67835879258,306000000,4454000000,8915000000,1.984,0,34186000000,75.648,121612000000,0.13
CHD,10.836,155700000,1.495,2.5,3.212,1984000000,18706976789,-161000000,615900000,1143800000,4.293,0,4357700000,17.7,3989600000,0.141
CI,121.862,4619000000,2.435,13.58,22.672,25079000000,67685800091,1556000000,5104000000,17002000000,0.441,0,153566000000,412.764,110395000000,0.033
CINF,60.632,767000000,1.576,12.24,7.278,4286000000,17036505147,-17000000,1997000000,1761000000,2.15,0,7924000000,48.707,15544000000,0.252
CTAS,29.299,96645000,1.477,8.25,7.719,3128588000,26819833236,-42079000,884981000,1995054000,3.891,0,6892303000,67.25,4433941000,0.128
CSCO,7.597,11750000000,1.913,2.63,3.382,32666000000,205556952937,2779000000,11621000000,18447000000,3.96,6577000000,51904000000,11.746,64222000000,0.224
C,85.916,193919000000,9.093,8.08,-7.965,65903000000,161019850457,5814000000,19401000000,42002000000,2.168,0,74286000000,33.028,1757212000000,0.261
CFG,49.365,3683000000,6.465,3.82,3.028,6098000000,15413284608,-688000000,1718000000,3847000000,2.528,0,6098000000,13.559,143532000000,0.282
CTXS,6.402,545761000,4.24,5.21,5.499,2546517000,14931366997,-73005000,681813000,2010399000,4.96,518877000,3010564000,23.007,3551270000,0.226
CLX,4.376,111000000,8.152,6.42,6.153,2728000000,19778034050,-21000000,820000000,1607000000,3.183,136000000,6214000000,48.648,4557000000,0.132
CME,73.158,1551400000,1.877,5.93,6.796,4868000000,71175353647,179400000,2116500000,2280200000,14.621,0,4868000000,13.63,49056000000,0.435
CMS,17.679,157000000,4.341,2.4,-0.765,2564000000,19108275619,-18000000,680000000,992000000,2.792,0,6845000000,24.115,21782000000,0.099
KO,4.439,7947000000,3.439,2.09,2.197,22647000000,251624691330,-2581000000,8920000000,12561000000,6.752,0,37266000000,8.715,65283000000,0.239
CTSH,19.717,2645000000,0.47,3.3,3.769,6149000000,37537750793,1484000000,1842000000,3696000000,2.237,0,16783000000,30.023,5182000000,0.11
CL,0.137,883000000,123.726,2.76,3.272,9325000000,65213121092,157000000,2367000000,5771000000,4.156,0,15693000000,18.354,14476000000,0.151
CMCSA,18.169,5500000000,2.17,2.87,2.657,108942000000,200970949230,1680000000,13057000000,87817000000,1.845,0,108942000000,23.927,179540000000,0.12
CMA,51.837,5818000000,9.018,7.95,7.103,3275000000,8795964629,1257000000,1198000000,1743000000,2.686,0,3275000000,23.17,66075000000,0.364
CAG,15.191,236600000,1.997,1.53,1.635,2653000000,14049151654,108600000,678300000,1438300000,1.473,0,9538400000,19.621,14750100000,0.071
COP,31.371,5088000000,1.012,6.43,3.999,18553000000,63030019795,-789000000,7189000000,7859000000,1.719,743000000,36670000000,32.821,35464000000,0.196
ED,54.861,1217000000,2.212,4.09,-1.696,6766000000,31568484142,211000000,1343000000,4090000000,2.511,0,12574000000,38.277,39866000000,0.107
STZ,63.304,81400000,1.224,-0.07,9.521,4151900000,29249169030,-12200000,-11800000,2071500000,3.506,0,8343500000,43.537,14848900000,-0.001
COO,73.449,89000000,0.729,9.44,8.524,1756800000,15655306538,9300000,466700000,1210100000,5.9,86700000,2653400000,53.713,2645900000,0.176
CPRT,7.716,186319000,0.433,2.57,1.263,898342000,18656654068,-88201000,591693000,181867000,9.137,0,2041957000,8.859,769236000,0.29
GLW,16.902,2434000000,1.232,1.11,0.16,4035000000,21832132125,79000000,960000000,2884000000,1.898,1031000000,11503000000,15.064,15901000000,0.083
CTVA,32.438,1764000000,0.734,-1.28,-0.124,5271000000,22931731800,-2851000000,-959000000,5653000000,1.656,1147000000,13846000000,18.476,17842000000,-0.069
COST,34.662,8384000000,1.956,8.32,7.636,19817000000,130841908320,2329000000,3659000000,15080000000,0.857,0,152703000000,347.246,29816000000,0.024
CCI,25.214,333000000,2.666,1.8,1.541,3777000000,66408535653,-75000000,860000000,2218000000,11.523,0,5763000000,13.853,27968000000,0.13
CSX,14.903,958000000,2.225,4.18,4.33,4874000000,61507525034,100000000,3331000000,0,5.153,0,11937000000,14.996,26394000000,0.279
CMI,49.957,1129000000,1.502,14.54,16.164,5980000000,24689305960,-174000000,2260000000,3413000000,1.047,1001000000,23571000000,156.858,11272000000,0.096
CVS,49.088,5683000000,2.478,5.1,7.987,45528000000,93077876362,1659000000,6634000000,33541000000,0.362,0,256776000000,197.368,158279000000,0.026
DHI,26.895,1514000000,0.53,4.34,2.179,3872000000,20200797443,8000000,1618500000,1778600000,1.148,0,17592900000,47.217,5311500000,0.092
DHR,42.337,19912300000,1.051,4.11,4.656,9983700000,111578959729,19124500000,3008200000,6714300000,6.23,1126000000,17911100000,25.05,31799700000,0.164
DRI,19.373,457300000,1.463,5.78,6.627,1849000000,15312441397,310400000,713400000,1016500000,1.799,0,8510400000,68.91,3500200000,0.084
DVA,13.927,1208718000,6.474,5.29,8.525,3473994000,10561704000,369485000,810981000,1843356000,0.927,0,11388479000,74.347,13811776000,0.071
DE,36.06,3857000000,5.396,10.28,5.09,12466000000,54121519434,-59000000,3253000000,6912000000,1.379,1783000000,39258000000,124.038,61580000000,0.083
DAL,23.993,2882000000,3.202,7.32,5.451,28667000000,37848757924,982000000,4767000000,22049000000,0.805,0,47007000000,73.438,49174000000,0.101
XRAY,22.826,404900000,0.689,1.18,2.307,2165100000,10903654735,95300000,262900000,1804200000,2.706,0,4029200000,18.06,3508000000,0.065
DVN,15.153,1844000000,1.344,-0.89,0.0,2211000000,8485064000,-602,-355000000,2070000000,1.364,58000000,6220000000,16.244,7797000000,-0.057
DXCM,9.688,446200000,1.714,1.11,1.476,931500000,23100958554,-690700000,101100000,789200000,15.651,273500000,1476000000,16.202,1512400000,0.068
FANG,81.037,128000000,0.651,1.47,-5.921,3047000000,9994082446,-92000000,240000000,2352000000,2.521,0,3964000000,24.246,8625000000,0.061
DLR,47.422,89817000,1.257,2.37,0.006,2188663000,27277507070,-33196000,579761000,1594448000,8.5,0,3209241000,15.405,12418566000,0.154
DFS,38.461,6964000000,8.613,9.09,19.174,8228000000,21275297022,-8181000000,2908000000,4393000000,2.586,0,8228000000,26.685,102137000000,0.353
DISCA,18.698,1552000000,2.201,2.9,5.879,7325000000,13788813837,566000000,2069000000,4316000000,1.237,0,11144000000,21.066,21769000000,0.186
DISCK,,,,,,,,,,,,,,,,
DISH,24.11,2443643000,1.826,2.92,4.339,4297459000,21596625329,1616396000,1399512000,2418583000,1.686,0,12807684000,26.702,21114788000,0.109
DG,26.125,240320000,2.405,6.68,5.673,8489061000,36027607616,4833000,1712555000,6186757000,1.298,0,27753973000,108.18,16122584000,0.062
DLTR,26.413,586000000,2.13,3.49,3.518,7040700000,16782784302,139300000,827000000,5778500000,0.711,0,23610800000,99.703,13319800000,0.035
D,38.179,166000000,2.181,1.66,-0.14,6542000000,65514865409,-122000000,1358000000,4028000000,3.953,0,16572000000,19.776,69790000000,0.082
DPZ,-88.338,399884000,-1.405,9.83,10.639,1402499000,14428992273,246505000,400709000,382293000,3.987,0,3618774000,93.588,4797851000,0.111
DOV,20.886,397253000,1.859,4.67,5.253,2620938000,17299155758,1032000,677918000,1646044000,2.424,0,7136397000,49.149,5636817000,0.095
DOW,18.237,2367000000,3.429,-1.84,5.231,6294000000,35622840737,-384000000,-1359000000,6595000000,0.829,765000000,42951000000,57.846,46430000000,-0.032
DTE,63.092,93000000,2.574,6.32,-1.881,3399000000,25845955415,17000000,1169000000,1692000000,2.04,0,12669000000,68.481,30046000000,0.092
DUK,64.228,311000000,2.368,5.06,-3.996,10253000000,74373513690,-18000000,3748000000,4552000000,2.966,0,25079000000,34.402,110887000000,0.148
DRE,13.853,112564000,0.666,1.18,-0.426,657089000,13455566429,95914000,428972000,163734000,13.818,0,973759000,2.688,3340302000,0.441
DD,54.92,1540000000,0.679,0.67,-1.458,7456000000,39387223371,-12445000000,498000000,7346000000,1.831,955000000,21512000000,28.825,27840000000,0.023
DXC,42.45,2899000000,1.565,4.53,5.532,5807000000,13816642591,170000000,1257000000,4086000000,0.666,0,20753000000,77.264,17849000000,0.061
EMN,43.811,204000000,1.674,5.52,7.934,2234000000,8949702357,-22000000,759000000,1111000000,0.965,234000000,9273000000,68.187,9976000000,0.082
ETN,38.382,370000000,1.037,5.28,6.835,7052000000,39926172000,87000000,2211000000,4189000000,1.867,606000000,21390000000,51.05,16672000000,0.103
EBAY,3.38,975000000,5.332,2.1,3.015,8292000000,26716472521,-1223000000,1786000000,5971000000,2.474,1240000000,10800000000,12.721,15304000000,0.165
ECL,30.147,186400000,1.398,5.41,5.661,6182900000,51999634098,-107600000,1558900000,4169100000,3.488,0,14906300000,51.74,12143300000,0.105
EIX,45.829,24000000,2.981,3.78,-15.247,4490000000,25470547769,-82000000,1405000000,2715000000,2.063,0,12347000000,36.315,46446000000,0.104
EW,19.915,1179100000,0.564,5.03,4.441,3233600000,48213210358,465000000,1046900000,2092900000,11.089,752700000,4348000000,20.874,2339800000,0.241
EA,17.594,4708000000,0.68,3.36,4.713,3628000000,27440183126,450000000,1019000000,2632000000,5.543,1433000000,4950000000,16.337,3626000000,0.206
EMR,13.515,1494000000,1.485,3.74,3.96,7815000000,44510870723,401000000,2306000000,4782000000,2.423,0,18372000000,30.16,12224000000,0.126
ENPH,2.332,296109000,1.62,1.38,1.065,221245000,7278663123,189872000,161148000,118516000,11.658,40381000,624333000,5.349,441011000,0.258
ETR,52.376,425722000,4.056,6.36,-9.15,3535122000,26254079710,-55253000,1258244000,2144625000,2.413,0,10878673000,55.732,41465237000,0.114
EOG,37.462,2027972000,0.715,4.73,3.013,9396053000,34905845700,472338000,2734910000,5697042000,2.008,139881000,17379973000,30.086,15483892000,0.157
EFX,21.328,401300000,2.05,-3.3,-0.71,1985900000,19571082603,177700000,-398800000,2321300000,5.58,0,3507600000,29.012,5286100000,-0.114
EQIX,105.07,1869577000,1.711,6.03,-1.032,2751956000,56050332809,1259009000,507450000,1582325000,10.077,0,5562140000,66.106,15125233000,0.091
EQR,27.845,116999000,0.985,2.61,1.665,1792747000,32138937994,686000,970377000,883840000,11.899,0,2701075000,7.291,10164843000,0.358
ESS,94.477,81094000,1.007,6.67,6.911,1029561000,21579377009,-70301000,439286000,548449000,14.779,0,1460155000,22.177,6264491000,0.301
EL,12.066,2987000000,1.994,4.91,4.883,11476000000,71123111051,806000000,1785000000,9163000000,4.785,0,14863000000,40.889,8745000000,0.12
ETSY,3.398,448634000,2.793,0.8,1.601,547343000,5978838257,76308000,95894000,458582000,7.306,121878000,818379000,6.839,1135718000,0.117
EVRG,35.791,23200000,2.033,2.8,2.25,2413000000,14812166500,-137100000,669900000,1227200000,2.877,0,5147800000,21.494,17430600000,0.13
ES,39.295,15432000,2.256,2.83,-2.806,3412162000,30837375884,-92261000,909053000,1821671000,3.617,0,8526470000,26.528,28493921000,0.107
RE,223.773,808036000,1.992,24.77,45.377,1604545000,10536395605,151941000,1009461000,473865000,1.28,0,8231169000,201.678,18191126000,0.123
EXC,33.118,945000000,2.805,3.02,-0.605,8594000000,48072927337,-659000000,2936000000,4220000000,1.396,0,34438000000,35.394,90404000000,0.085
EXPE,26.951,4094000000,4.003,3.84,10.918,9904000000,17190664550,1392000000,565000000,9001000000,1.425,1763000000,12067000000,81.98,15880000000,0.047
EXPD,12.844,1230491000,0.681,3.45,4.245,2636468000,12801923073,306756000,590395000,1869776000,1.566,0,8175426000,47.838,1494665000,0.072
EXR,19.812,70733000,2.209,3.27,2.402,943028000,13868626524,-1957000,419967000,308070000,10.599,0,1308454000,10.206,5610683000,0.321
XOM,45.284,3089000000,0.854,3.36,1.265,90612000000,224348431339,47000000,14340000000,69726000000,0.847,1269000000,264938000000,62.601,163659000000,0.054
FFIV,29.337,599219000,0.925,7.12,10.73,1885870000,8843077785,177760000,427734000,1367407000,3.943,408058000,2242447000,37.347,1628778000,0.191
FB,35.408,19079000000,0.32,6.48,7.432,57927000000,597254926580,9155000000,18485000000,33941000000,8.448,13600000000,70697000000,24.771,32322000000,0.261
FAST,4.65,174900000,0.426,1.38,1.052,2515400000,21763176656,7700000,790900000,1458200000,4.08,0,5333700000,9.305,1134300000,0.148
FRT,33.91,127432000,1.585,4.61,0.696,637030000,9681166221,45282000,353866000,282512000,10.345,0,935788000,12.516,4019102000,0.37
FDX,68.084,2319000000,2.064,2.06,0.472,42956000000,44282659934,-946000000,540000000,38490000000,0.635,0,69693000000,267.219,36646000000,0.008
FIS,111.101,1152000000,0.695,0.67,3.555,3723000000,96626904211,2508000000,298000000,2754000000,9.351,0,10333000000,23.22,34350000000,0.029
FITB,29.845,3278000000,6.988,3.38,2.266,7862000000,17313078926,597000000,2512000000,4660000000,2.202,0,7862000000,11.066,148166000000,0.308
FE,13.037,679000000,5.065,1.7,-0.37,4659000000,27771066366,250000000,912000000,1141000000,2.517,0,11035000000,20.626,35326000000,0.082
FRC,,,,,,,,,,,,,,,,
FISV,64.374,893000000,1.294,1.74,4.048,4878000000,73709381907,518000000,893000000,3269000000,7.236,0,10187000000,19.885,42682000000,0.088
FLT,42.958,1675237000,2.3,10.36,12.58,2118179000,24094411236,310344000,895073000,886842000,9.096,0,2648848000,30.658,8536925000,0.338
FLIR,13.919,284592000,0.677,1.27,2.421,929503000,5973178124,-227552000,171597000,656243000,3.165,204207000,1887026000,14.035,1266108000,0.091
FMC,19.611,339100000,2.887,3.64,2.684,2083600000,12021471771,177400000,477400000,1262000000,2.608,298100000,4609800000,35.7,7311300000,0.104
F,8.355,17504000000,6.789,0.01,2.519,11735000000,33155564334,834000000,47000000,11161000000,0.213,0,155900000000,39.25,225307000000,0.0
FTNT,7.73,1222500000,1.939,1.91,4.186,1650300000,18122671546,110100000,326500000,1306100000,8.405,277100000,2156200000,12.609,2563600000,0.151
FTV,21.998,1205200000,1.359,1.99,3.451,3680300000,23646628907,26800000,738900000,2676200000,3.23,456700000,7320000000,21.799,10038800000,0.092
FBHS,17.345,387900000,1.592,3.09,3.613,2052400000,9074365181,124200000,431900000,1353900000,1.574,0,5764600000,41.205,3863500000,0.075
FOXA,16.028,3234000000,0.96,2.57,3.688,4062000000,21969523979,734000000,1595000000,1657000000,1.929,0,11389000000,18.351,9551000000,0.14
FOX,10.56,7622000000,1.688,2.41,1.984,10631000000,82828590381,1525000000,4464000000,4324000000,2.725,0,30400000000,16.41,33033000000,0.147
BEN,19.89,5957600000,0.319,2.35,-0.064,5774500000,13931026822,-953000000,1195700000,4217100000,2.413,0,5774500000,11.594,3161300000,0.207
FCX,6.408,2020000000,2.512,-0.17,-0.716,1297000000,17759902494,-2177000000,-239000000,206000000,1.233,104000000,14402000000,9.926,23361000000,-0.017
GPS,8.819,1364000000,3.125,0.93,1.559,6133000000,3100367750,-39000000,351000000,5559000000,0.189,0,16383000000,43.572,10363000000,0.021
GRMN,25.138,1027638000,0.286,5.01,3.047,2233976000,19768558300,-174167000,952486000,1288390000,5.261,605366000,3757505000,19.705,1373303000,0.253
IT,10.45,280836000,6.619,2.6,4.636,2694753000,13694916842,118559000,233290000,2324666000,3.226,0,4245321000,47.266,6212701000,0.055
GNRC,16.671,322883000,1.522,4.09,4.008,797752000,6714121108,98401000,252007000,425589000,3.046,68394000,2204336000,35.596,1571591000,0.114
GD,46.877,902000000,2.597,12.09,6.885,7059000000,53943090771,-61000000,3484000000,2411000000,1.371,0,39350000000,135.864,35264000000,0.089
GE,3.24,36394000000,8.341,-0.62,0.732,25186000000,103659151520,1529000000,-4979000000,19187000000,1.089,0,95214000000,10.894,236187000000,-0.057
GIS,11.719,450000000,3.146,2.92,3.794,5756800000,31614918770,51000000,1752700000,3210900000,1.875,0,16865200000,28.017,22191800000,0.104
GM,29.348,19069000000,4.357,4.62,5.217,13972000000,50057942267,-553000000,6732000000,8491000000,0.365,0,137237000000,96.374,182080000000,0.048
GPC,25.215,276992000,2.98,4.26,4.247,6316269000,14481463467,-56555000,621085000,5413512000,0.747,0,19392305000,133.065,10950129000,0.032
GILD,17.736,11631000000,1.73,4.24,6.55,17774000000,92119112222,-6309000000,5386000000,13487000000,4.103,9106000000,22449000000,17.676,38977000000,0.24
GL,67.833,75933000,2.561,6.83,12.291,2170183000,10267281967,-45093000,760790000,1154598000,2.268,0,4527532000,42.104,18683153000,0.168
GPN,92.968,1678273000,0.59,2.17,3.616,2838089000,61240819555,467395000,430613000,2046672000,12.468,0,4911892000,16.393,16425173000,0.088
GS,242.909,133546000000,10.001,21.18,59.357,36546000000,79719053987,2999000000,8466000000,24898000000,2.181,0,36546000000,98.348,902703000000,0.216
GWW,33.912,360000000,2.127,15.39,15.32,4397000000,16649015189,-178000000,849000000,3135000000,1.45,0,11486000000,209.982,3945000000,0.074
HAL,9.157,2268000000,2.166,-1.29,1.263,2285000000,19120475743,260000000,-1131000000,2733000000,0.853,0,22408000000,25.609,17352000000,-0.05
HBI,3.412,328876000,4.947,1.65,1.951,2719330000,5201240084,-125809000,600720000,1829600000,0.747,0,6966923000,19.221,6117391000,0.086
HIG,45.415,262000000,3.353,5.72,9.446,9268000000,20796539223,141000000,2085000000,6359000000,1.003,0,20740000000,57.892,54547000000,0.1
HAS,21.885,4580369000,1.956,4.07,3.795,2912378000,11292346148,3397998000,520454000,2260328000,2.392,262156000,4720227000,34.485,5860098000,0.11
HCA,-8.23,621000000,-16.248,10.27,10.093,19295000000,50124467403,119000000,3505000000,12077000000,0.976,0,51336000000,150.453,45623000000,0.068
PEAK,12.514,184657000,1.21,0.09,-2.598,1118013000,18573885120,44811000,45530000,987635000,9.299,0,1997383000,4.108,7365417000,0.022
HSIC,20.282,106097000,1.079,4.7,3.909,3090886000,9882473605,173259000,694734000,2372625000,0.99,0,9985803000,67.555,3233706000,0.07
HSY,8.292,493262000,3.677,5.12,7.027,3622478000,33583010217,-94736000,1149692000,2026526000,4.205,0,7986252000,38.075,6395401000,0.144
HES,28.991,1545000000,1.383,-1.37,-3.941,3353000000,19753488071,-1149000000,-408000000,2752000000,3.034,233000000,6510000000,21.614,12076000000,-0.063
HPE,12.637,3753000000,2.027,0.78,1.285,9790000000,20725602065,-1008000000,1049000000,8219000000,0.711,1842000000,29135000000,21.534,34654000000,0.036
HLT,-1.737,630000000,-32.01,3.07,4.249,8198000000,30899352131,146000000,881000000,6541000000,3.269,0,9452000000,34.068,15429000000,0.093
HFC,35.951,885162000,0.946,4.64,7.546,3687969000,6897259054,-269590000,772388000,2410925000,0.394,0,17486578000,105.159,5655415000,0.044
HOLX,7.853,601800000,2.045,-0.76,1.989,1170900000,13782674125,-64900000,-203600000,1294700000,4.093,232200000,3367300000,12.499,4326400000,-0.06
HD,-2.851,2133000000,-17.443,10.29,10.139,37572000000,195345031762,236000000,11242000000,21729000000,1.772,0,110225000000,100.846,54352000000,0.102
HON,25.953,9067000000,2.161,8.52,8.562,12370000000,128845170380,-220000000,6143000000,5519000000,3.51,0,36709000000,51.514,39973000000,0.167
HRL,11.077,672901000,0.369,1.83,1.247,1884648000,24244963928,213765000,978806000,727584000,2.553,0,9497317000,17.766,2183469000,0.103
HST,10.369,1573000000,0.661,1.26,1.456,1816000000,10863519994,-6000000,920000000,1017000000,1.986,0,5469000000,7.748,4838000000,0.168
HWM,10.33,1648000000,2.812,1.05,-0.404,2965000000,13243206096,-579000000,470000000,1930000000,0.933,70000000,14192000000,31.821,12957000000,0.033
HPQ,-0.787,4537000000,-29.053,2.08,2.629,11170000000,29688620298,-629000000,3152000000,7293000000,0.505,1499000000,58756000000,38.783,34660000000,0.054
HUM,91.116,4054000000,1.415,20.2,34.427,11031000000,49010189322,1711000000,2707000000,7839000000,0.755,0,64888000000,491.179,17037000000,0.042
HBAN,11.354,1272000000,8.241,1.29,1.412,4380000000,14350253350,-1502000000,1411000000,2721000000,3.276,0,4380000000,4.216,97207000000,0.305
HII,38.357,75000000,3.428,13.26,11.111,1531000000,10204670596,-165000000,549000000,795000000,1.147,0,8899000000,214.952,5443000000,0.062
IEX,29.939,632581000,0.685,5.62,6.325,1125034000,13210204357,166174000,425521000,546031000,5.296,0,2494573000,33.0,1550683000,0.171
IDXX,2.061,90326000,9.323,4.97,3.532,1365549000,24641494017,-33468000,427720000,812703000,10.238,133193000,2406908000,27.95,1654650000,0.178
INFO,21.066,111500000,0.912,1.26,2.436,2757600000,31149041229,-8500000,502700000,1756900000,7.056,0,4414600000,11.05,7671400000,0.114
ITW,9.49,1981000000,3.978,7.78,8.449,5922000000,59901835563,477000000,2521000000,2520000000,4.246,0,14109000000,44.248,12038000000,0.179
ILMN,31.381,2042000000,0.586,6.81,5.728,2467000000,43512000000,898000000,1002000000,1482000000,12.281,647000000,3543000000,24.102,2703000000,0.283
INCY,12.091,1833707000,0.319,2.08,2.943,2044510000,16919330429,668721000,446906000,1622822000,7.838,1154111000,2158759000,10.045,828344000,0.207
IR,9.112,505500000,1.475,0.78,1.467,911700000,7336320456,284300000,159100000,636400000,2.992,0,2451900000,11.948,2758500000,0.065
INTC,17.547,4194000000,0.762,4.77,3.833,42140000000,292846190000,1175000000,21048000000,20105000000,4.069,13362000000,71965000000,16.293,59020000000,0.292
ICE,30.758,2188000000,4.47,3.44,4.196,5202000000,49871389953,316000000,1933000000,2529000000,7.617,0,6547000000,11.67,77129000000,0.295
IBM,23.49,8313000000,6.295,10.63,13.976,36488000000,125896300939,-3290000000,9431000000,24977000000,1.632,5989000000,77147000000,86.952,131202000000,0.122
IP,19.67,511000000,3.339,3.1,5.998,7108000000,16743724007,-78000000,1225000000,4772000000,0.748,0,22376000000,57.063,25753000000,0.055
IPG,7.19,1192200000,5.318,1.7,3.447,1492200000,9466794654,518500000,656000000,406200000,0.926,0,10221300000,26.473,14761600000,0.064
IFF,55.528,623945000,1.135,4.05,4.457,2112748000,13062976348,-24577000,455873000,1447478000,2.541,346128000,5140084000,45.908,7057863000,0.089
INTU,14.419,2116000000,0.676,5.99,8.342,5637000000,74994835407,721000000,1557000000,3783000000,11.055,1233000000,6784000000,26.092,2534000000,0.23
ISRG,71.61,1167600000,0.175,11.95,10.161,3110200000,67204634615,273200000,1379300000,1735700000,15.006,557300000,4478500000,38.808,1448500000,0.308
IVZ,30.527,1701200000,1.783,1.29,2.185,6117400000,6701325708,-107500000,564700000,5309200000,1.095,0,6117400000,13.471,24718500000,0.072
IPGP,45.263,680070000,0.137,3.4,3.593,606209000,7012771815,138626000,180234000,359589000,5.335,129997000,1314581000,24.775,327993000,0.137
IQV,30.769,837000000,2.83,0.98,4.28,3788000000,31816732764,-54000000,191000000,3011000000,2.869,0,11088000000,56.832,16988000000,0.017
IRM,5.101,193555000,8.438,0.93,1.533,2429269000,9585770853,28070000,267377000,1647931000,2.249,0,4262584000,14.854,12352589000,0.063
JKHY,18.52,93628000,0.529,3.52,3.453,629661000,10808533094,62188000,271885000,282376000,6.961,96378000,1552691000,20.123,755816000,0.175
J,43.015,631068000,0.996,6.14,-3.728,2477028000,12056558762,-162290000,847979000,2072177000,0.947,0,12737868000,95.878,5694053000,0.067
JBHT,21.122,35000000,1.413,4.81,3.821,3784802000,10260365274,27400000,516320000,3050977000,1.119,0,9165258000,85.394,3203825000,0.056
SJM,70.075,101300000,1.097,4.52,6.88,2915700000,13922100727,-91300000,514400000,1987100000,1.776,0,7838000000,68.91,8740800000,0.066
JNJ,22.483,17305000000,1.652,5.72,7.53,54503000000,392517449587,-802000000,15119000000,34689000000,4.783,11355000000,82059000000,31.023,98257000000,0.184
JCI,25.623,2805000000,1.086,6.52,0.834,7693000000,32577056507,2621000000,5674000000,6479000000,1.359,0,23968000000,31.07,21458000000,0.237
JPM,81.121,263631000000,9.283,10.75,1.877,115627000000,406256749571,-15162000000,34642000000,65497000000,3.514,0,115627000000,35.892,2426049000000,0.3
JNPR,13.434,1215800000,0.917,1.01,1.222,2616800000,8038421504,-1229300000,345000000,2174600000,1.808,955700000,4445400000,12.953,4227100000,0.078
KSU,44.53,148800000,1.14,5.42,5.028,1934900000,16016823585,48300000,538900000,1048600000,5.589,0,2866000000,28.857,5040900000,0.188
K,8.031,397000000,5.187,2.81,1.725,4381000000,22062506543,76000000,960000000,2980000000,1.625,0,13578000000,39.695,14250000000,0.071
KEY,17.174,732000000,7.51,1.63,2.862,5923000000,17137951017,54000000,1717000000,3901000000,2.893,0,5923000000,5.97,127950000000,0.274
KEYS,15.979,1598000000,1.205,3.31,4.67,2534000000,19585355534,683000000,621000000,1823000000,4.552,688000000,4303000000,22.888,3619000000,0.144
KMB,-0.097,442000000,-457.242,6.28,5.176,6035000000,49471504697,-97000000,2157000000,3044000000,2.681,0,18450000000,53.98,15089000000,0.117
KIM,11.573,123947000,1.244,0.8,1.1,821933000,8023233270,-19634000,410605000,344346000,6.923,0,1158884000,2.757,6051017000,0.293
KMI,14.904,185000000,1.164,0.96,1.143,6929000000,49401034041,-3122000000,2190000000,2056000000,3.74,0,13209000000,5.834,39268000000,0.166
KLAC,17.04,1015994000,2.381,7.53,6.55,2699527000,21677919914,-388388000,1175617000,1278692000,4.745,711030000,4568904000,29.278,6330823000,0.257
KHC,42.265,2279000000,0.963,1.59,2.279,8147000000,32831219877,1144000000,1935000000,5077000000,1.314,0,24977000000,20.449,49701000000,0.077
KR,10.766,399000000,4.264,2.05,2.264,26992000000,23430101829,-30000000,1659000000,24741000000,0.192,0,122286000000,153.049,36683000000,0.014
LB,-5.421,1499000000,-7.752,-1.33,2.813,4450000000,3481554436,86000000,-366000000,4192000000,0.27,0,12914000000,46.7,11620000000,-0.028
LHX,15.062,530000000,2.008,8.03,4.586,2334000000,47628037900,242000000,949000000,1242000000,7.003,0,6801000000,30.459,6754000000,0.14
LH,77.77,337500000,1.382,8.42,10.735,3252500000,17094637000,-89300000,823800000,1922300000,1.479,0,11554800000,118.754,10459300000,0.071
LRCX,30.653,3913396000,1.557,14.37,18.839,4358459000,29883642667,-855162000,2191430000,1893727000,3.096,1191320000,9653559000,63.311,7278029000,0.227
LW,-0.031,12200000,-663.63,3.19,2.374,1003500000,9463812648,-43400000,478600000,335100000,2.519,0,3756500000,25.717,3052700000,0.127
LVS,6.728,4242000000,3.218,3.5,2.37,6907000000,51014152322,-419000000,2698000000,3209000000,3.713,0,13739000000,17.82,16692000000,0.196
LEG,9.929,247600000,2.671,2.48,3.972,1050600000,5971272205,-20500000,333800000,540800000,1.256,0,4752500000,35.966,3503900000,0.07
LDOS,24.137,668000000,1.743,4.66,6.16,1548000000,17423587586,0,667000000,654000000,1.571,0,11094000000,78.457,5950000000,0.06
LEN,50.496,1210530000,0.835,5.76,4.642,2802295000,21254119340,-127285000,1849052000,341114000,0.955,0,22259561000,70.473,13325681000,0.083
LLY,2.8,2337500000,14.035,8.93,4.084,17598300000,134687305648,-5660700000,8318400000,12332400000,6.035,5595000000,22319500000,23.972,36587000000,0.373
LNC,100.777,2563000000,16.002,4.41,-13.748,1311000000,11923527466,218000000,886000000,66000000,0.691,0,17258000000,88.334,315072000000,0.051
LIN,90.694,2700000000,0.713,4.22,4.504,11584000000,105605971688,-1752000000,2285000000,8883000000,3.741,184000000,28228000000,52.168,34977000000,0.081
LYV,5.454,2474242000,8.301,-0.02,0.696,3080787000,12389167676,96039000,69889000,2758025000,1.073,0,11547969000,54.969,9511661000,0.0
LKQ,16.308,523020000,1.544,1.76,2.651,4851794000,9128441086,197607000,541260000,3955151000,0.73,0,12506109000,40.717,7731376000,0.043
LMT,11.091,1514000000,14.185,22.09,20.668,8367000000,123818433026,742000000,6230000000,0,2.07,0,59812000000,212.146,44357000000,0.104
L,63.162,336000000,3.155,3.08,2.313,6660000000,15519457942,-69000000,932000000,4950000000,1.039,0,14931000000,49.326,60313000000,0.062
LOW,2.612,716000000,19.016,5.49,3.941,22943000000,51185518334,193000000,4281000000,16629000000,0.709,0,72148000000,95.567,37499000000,0.059
LUMN,,,,,,,,,,,,,,,,
LYB,24.116,888000000,2.781,9.59,6.796,5426000000,27801799748,487000000,3397000000,1310000000,0.801,111000000,34727000000,104.112,22372000000,0.098
MTB,120.493,8626459000,6.627,13.76,16.709,6015943000,21947267869,-169134000,1849509000,3177926000,3.648,0,6015943000,46.122,104156108000,0.307
MRO,15.004,858000000,0.666,0.59,0.246,3873000000,8157462490,-604000000,480000000,3237000000,1.572,149000000,5190000000,6.407,8092000000,0.092
MPC,51.129,1527000000,1.646,4.0,6.364,14570000000,30799478115,-196000000,2637000000,8994000000,0.247,0,124813000000,189.398,55449000000,0.021
MKTX,20.767,270124000,0.24,5.53,6.236,511352000,13165607548,26795000,204902000,260470000,25.747,0,511352000,13.789,184839000,0.401
MAR,2.168,225000000,34.634,3.83,3.183,3217000000,38789028164,-107000000,1273000000,1417000000,1.85,0,20972000000,64.686,24348000000,0.061
MMC,15.401,1155000000,3.004,3.44,3.854,16652000000,58996365430,89000000,1742000000,13975000000,3.543,0,16652000000,32.909,23414000000,0.105
MLM,85.613,21000000,0.893,9.77,9.162,1179000000,15638039141,-23900000,611900000,294100000,3.3,0,4739100000,75.826,4778300000,0.129
MAS,-0.846,697000000,-21.63,3.24,2.538,2371000000,13200749303,138000000,935000000,1283000000,1.968,0,6707000000,24.149,5083000000,0.139
MA,5.794,8358000000,3.945,7.98,7.33,16883000000,342691901276,632000000,8118000000,7219000000,20.298,0,16883000000,16.601,23245000000,0.481
MKC,25.913,155400000,2.005,5.3,5.817,2145300000,22071651347,58800000,661800000,1187600000,4.128,0,5347400000,40.232,6905400000,0.124
MXIM,6.711,1898332000,1.029,3.01,2.885,1500506000,14903729885,213858000,827486000,753408000,6.44,435222000,2314329000,8.417,1898706000,0.358
MCD,-10.83,898500000,-6.787,7.95,7.756,11115300000,158109235526,32500000,6025400000,2045500000,7.502,0,21076500000,27.802,55721100000,0.286
MCK,41.296,2981000000,6.349,0.17,17.75,11754000000,23994044138,309000000,34000000,10868000000,0.112,71000000,214319000000,1093.464,51385000000,0.0
MDT,37.204,4393000000,0.788,3.44,4.362,21402000000,133284153144,724000000,4631000000,15134000000,4.362,2330000000,30557000000,22.695,39482000000,0.152
MRK,10.215,9676000000,2.254,3.84,3.93,32728000000,202749324674,1967000000,9843000000,21125000000,4.329,9872000000,46840000000,18.468,58396000000,0.21
MET,72.223,16598000000,10.191,6.1,15.053,20484000000,47879491552,777000000,5899000000,13689000000,0.688,0,69620000000,76.019,674081000000,0.082
MTD,17.127,207785000,5.629,22.84,20.659,1741211000,18933188283,29675000,561109000,1022406000,6.293,143950000,3008652000,122.464,2368541000,0.186
MGM,14.742,2329604000,2.745,3.9,2.049,5296183000,12566924382,802842000,2049146000,1475489000,0.974,0,12899672000,24.61,21213437000,0.159
MCHP,22.386,428600000,2.47,1.51,6.122,2931300000,19352942161,-472700000,355900000,2217000000,3.618,826300000,5349500000,22.648,13062500000,0.067
MU,32.209,7152000000,0.335,5.67,3.06,10702000000,50370812447,692000000,6313000000,3326000000,2.152,2441000000,23406000000,21.011,12019000000,0.27
MSFT,13.336,133819000000,1.8,5.11,4.986,82933000000,1054144621760,-590000000,39240000000,39974000000,8.377,16876000000,125843000000,16.401,184226000000,0.312
MAA,53.107,70541000,0.812,3.07,3.266,531329000,16877887848,18868000,353811000,101132000,10.285,0,1641017000,14.361,4926860000,0.213
MHK,112.798,134785000,0.648,10.34,12.132,2676043000,8683156328,15735000,744211000,1885226000,0.871,0,9970672000,138.508,5260232000,0.075
TAP,61.955,523400000,1.132,1.12,6.553,4201200000,11035080485,-543000000,241700000,3436800000,1.043,0,10579400000,48.843,15186700000,0.023
MDLZ,19.034,1291000000,1.364,2.68,2.179,10337000000,84056436732,228000000,3870000000,6538000000,3.249,0,25868000000,18.052,37198000000,0.15
MPWR,17.919,172960000,0.236,2.52,2.984,346325000,7070309040,258000,108839000,243763000,11.26,107757000,627921000,14.547,182884000,0.173
MNST,7.693,797957000,0.235,2.04,1.853,2518585000,33416415878,160444000,1107835000,1115646000,7.955,0,4200819000,7.748,979071000,0.264
MCO,3.233,1832000000,15.405,7.51,8.484,4829000000,49897124000,147000000,1422000000,2831000000,10.333,0,4829000000,25.51,9428000000,0.294
MS,50.432,82171000000,9.966,5.26,24.086,41419000000,72623146546,-5025000000,9042000000,30118000000,1.753,0,41419000000,25.615,812732000000,0.206
MOS,23.933,519100000,1.081,-2.78,-0.461,897300000,6995779244,-338700000,-1067400000,1992200000,0.785,0,8906300000,23.206,9930900000,-0.12
MSI,-4.202,1001000000,-16.179,5.21,9.496,3931000000,31407023156,-256000000,868000000,2350000000,3.982,687000000,7887000000,47.341,11325000000,0.11
MSCI,-0.906,1506567000,-55.807,6.66,7.747,1262835000,27739882737,602391000,563648000,507134000,17.807,98334000,1557796000,18.404,4281153000,0.362
NDAQ,34.173,362000000,1.469,4.69,5.066,2535000000,18933443835,-224000000,774000000,1518000000,4.442,0,4262000000,25.828,8285000000,0.182
NTAP,4.291,2325000000,7.019,4.6,4.598,3945000000,14749363391,-616000000,1169000000,2724000000,2.4,827000000,6146000000,24.197,7651000000,0.19
NFLX,17.319,5018437000,3.481,4.26,-7.173,7716234000,150580889671,1231745000,1866916000,5111980000,7.471,1545149000,20156447000,46.04,26393555000,0.093
NWL,11.725,348600000,2.145,0.25,1.841,3219400000,6966575000,-124800000,106600000,3701100000,0.717,0,9714900000,22.95,10646000000,0.011
NEM,26.524,2243000000,0.82,3.82,1.737,4545000000,37286115605,-1140000000,2805000000,3268000000,3.828,415000000,9740000000,12.061,17557000000,0.288
NWSA,15.623,1643000000,0.591,0.27,0.784,4452000000,8217270435,-359000000,155000000,4055000000,0.816,0,10074000000,17.212,5400000000,0.015
NWS,,,,,,,,,,,,,,,,
NEE,75.68,600000000,2.063,7.82,4.587,11201000000,136186780518,-4145000000,3769000000,5848000000,7.092,0,19204000000,39.275,76331000000,0.196
NLSN,6.17,454000000,5.436,-1.17,1.538,3676000000,6621333939,-70000000,-415000000,3769000000,1.019,0,6498000000,18.267,11931000000,-0.064
NKE,5.723,4466000000,1.624,2.55,3.032,17474000000,135849221939,217000000,4029000000,12702000000,3.473,0,39117000000,24.762,14677000000,0.103
NI,15.982,148400000,2.785,0.88,-0.585,3674100000,10328755663,27300000,383100000,2783400000,1.983,0,5208900000,13.905,16673100000,0.063
NSC,59.486,580000000,1.498,10.32,8.815,7878000000,54287687633,134000000,2722000000,3889000000,4.806,0,11296000000,44.254,22739000000,0.241
NTRS,51.7,43935100000,11.337,6.66,9.287,6087600000,19068739803,-122400000,1492200000,4143500000,3.132,0,6087600000,28.377,125737400000,0.237
NOC,52.091,2245000000,3.659,13.28,17.915,7259000000,64518502223,666000000,2248000000,3290000000,1.907,0,33841000000,199.888,32270000000,0.066
NLOK,9.079,1791000000,1.778,0.05,2.079,3681000000,12271148419,17000000,31000000,3301000000,2.594,913000000,4731000000,7.486,10200000000,0.007
NCLH,30.315,252876000,1.561,4.33,0.863,2799115000,7406656274,89025000,930228000,1621038000,1.146,0,6462376000,30.067,10169020000,0.144
NOV,20.361,1171000000,0.682,-15.96,1.259,845000000,9007999339,-256000000,-6095000000,7124000000,1.062,0,8479000000,22.196,5303000000,-0.719
NRG,6.328,353000000,6.546,16.94,4.523,2518000000,8544157772,-228000000,4438000000,1228000000,0.87,7000000,9821000000,37.485,10853000000,0.452
NUE,34.411,1534605000,0.729,4.14,4.564,2679085000,12446365506,135719000,1271143000,778164000,0.551,0,22588858000,75.046,7553490000,0.056
NVDA,20.039,10896000000,0.419,4.59,7.015,6768000000,188924400000,10114000000,2796000000,3922000000,17.304,2829000000,10918000000,17.928,5111000000,0.256
NVR,643.022,1160523000,0.627,241.31,232.273,1370982000,14585479132,428556000,878539000,527405000,2.02,0,7220844000,1983.204,1468571000,0.122
NXPI,33.472,1045000000,1.097,0.86,6.63,4618000000,32070615548,0,243000000,4002000000,3.613,1643000000,8877000000,31.472,10361000000,0.027
ORLY,5.161,40406000,25.972,18.07,14.127,5394691000,27611557513,9091000,1391042000,3473965000,2.72,0,10149985000,131.844,10319820000,0.137
OXY,38.238,3512000000,2.194,-1.22,0.824,6207000000,28477106009,541000000,-667000000,5561000000,1.341,246000000,21232000000,23.717,75098000000,-0.046
ODFL,25.584,403571000,0.297,5.113,4.237,3429522000,16439955950,213289000,615518000,2610816000,4.001,0,4109111000,34.125,914851000,0.15
OMC,13.16,4305700000,8.203,6.09,8.087,14953700000,16759534233,653300000,1339100000,12831400000,1.121,0,14953700000,68.953,23409700000,0.09
OKE,15.055,20958000,2.503,3.09,-4.598,3257171000,30424411590,8983000,1278577000,1360821000,2.993,0,10164367000,24.578,15586170000,0.126
ORCL,5.995,20514000000,3.964,3.05,3.547,31511000000,187206162280,-1106000000,11083000000,17976000000,4.739,6026000000,39506000000,10.871,86346000000,0.281
OTIS,3.925,1446000000,4.33,,3.057,3826000000,,113000000,1116000000,1973000000,,163000000,13118000000,30.289,7361000000,0.085
PCAR,27.98,4175100000,1.922,6.88,2.564,5044100000,25674198664,739200000,2387900000,1838700000,1.003,326600000,25599700000,73.796,18655000000,0.093
PKG,32.445,679500000,1.356,7.36,8.535,1644000000,8917241701,318000000,696400000,590300000,1.28,0,6964300000,73.577,4164800000,0.1
PH,46.418,3219767000,1.947,11.63,12.314,3616840000,20297657496,2397630000,1512364000,1554524000,1.417,0,14320324000,111.493,11608538000,0.106
PAYX,7.293,724200000,2.312,2.88,3.195,2594700000,30562335711,-1365300000,1034400000,1223400000,8.101,0,3772500000,10.503,6056500000,0.274
PAYC,9.149,133667000,3.722,3.14,2.282,627924000,17847406676,655390000,180576000,401700000,24.194,73080000,737671000,12.815,1960289000,0.245
PYPL,14.382,7349000000,2.038,2.09,3.3,7987000000,140625633097,2510000000,2459000000,5268000000,7.913,2085000000,17772000000,15.138,34404000000,0.138
PENN,16.013,437400000,6.662,0.38,4.335,2346900000,3348155491,-26000000,43900000,1775000000,0.632,0,5301400000,45.82,12342600000,0.008
PNR,11.534,82500000,1.119,2.1,1.742,1051500000,7137322034,8200000,355700000,619000000,2.414,78900000,2957200000,17.457,2185600000,0.12
PBCT,18.323,801000000,6.372,1.28,0.399,1815100000,6456206548,-131000000,520400000,1162700000,3.557,0,1815100000,4.185,50642600000,0.279
PEP,10.569,5509000000,4.307,5.23,3.994,37029000000,203526600198,-5199000000,7314000000,26738000000,3.03,0,67161000000,48.006,63679000000,0.109
PKI,25.281,191877000,1.324,2.06,2.58,1396055000,9863747985,25579000,227558000,1034082000,3.421,189336000,2883673000,25.908,3724740000,0.079
PRGO,42.675,354300000,0.947,1.07,1.839,1773300000,7054099948,-196800000,146100000,1568500000,1.458,187400000,4837400000,35.569,5497300000,0.03
PFE,11.338,1305000000,1.648,2.92,1.795,41531000000,189174490070,125000000,16273000000,31935000000,3.656,8650000000,51750000000,9.293,104042000000,0.314
PM,-7.441,6861000000,-4.533,4.61,5.937,19292000000,136064498278,245000000,7185000000,8761000000,1.746,0,77921000000,50.081,52474000000,0.092
PSX,55.188,1614000000,1.267,6.8,2.071,8547000000,39220541399,-1405000000,3076000000,3883000000,0.358,0,109559000000,242.729,31551000000,0.028
PNW,48.297,10283000,2.38,4.79,-1.459,1268777000,11366503091,4517000,538320000,596817000,3.275,0,3471209000,30.871,12926059000,0.155
PXD,72.569,705000000,0.573,4.5,-0.629,3659000000,23572926175,-120000000,756000000,2551000000,2.534,58000000,9304000000,55.713,6948000000,0.081
PNC,110.322,28474000000,7.319,11.43,16.472,17827000000,54191065498,-547000000,5369000000,10574000000,3.04,0,17827000000,39.881,360952000000,0.288
POOL,10.297,28583000,2.616,6.57,6.663,924925000,8697044311,12225000,261575000,583679000,2.718,0,3199517000,80.323,1073086000,0.082
PPG,22.413,1216000000,2.329,5.25,7.071,6493000000,28139827566,314000000,1243000000,4821000000,1.858,432000000,15146000000,64.244,12305000000,0.082
PPL,17.832,815000000,2.516,2.39,-0.9,2840000000,25531488086,193000000,1746000000,0,3.286,0,7769000000,10.664,32689000000,0.225
PFG,53.217,2515900000,17.864,5.0,19.516,6197200000,15481412975,-461600000,1394200000,4503900000,0.954,0,16222100000,59.056,261137100000,0.086
PG,19.014,4239000000,1.419,1.45,4.754,32916000000,285958234859,1670000000,3897000000,27429000000,4.225,0,67684000000,27.049,67516000000,0.058
PGR,23.421,227400000,2.998,6.75,10.194,13551800000,46164808622,152400000,3970300000,8201800000,1.183,0,39022300000,66.842,40996500000,0.101
PLD,35.924,1088855000,0.616,2.48,-1.363,2411694000,71074464030,744999000,1572959000,561928000,21.34,0,3330621000,5.282,13960066000,0.47
PRU,158.98,16327000000,13.195,10.23,49.433,20833000000,37508560000,979000000,4186000000,15748000000,0.579,0,64807000000,163.242,832833000000,0.065
PEG,29.938,147000000,2.163,3.35,0.423,3593000000,28069919671,-23000000,1693000000,1650000000,2.786,0,10076000000,19.992,32641000000,0.168
PSA,52.0,409743000,0.252,7.3,9.155,2050040000,38600686636,49535000,1520534000,584901000,13.559,0,2846823000,16.334,2285777000,0.447
PHM,19.884,1251456000,0.963,3.67,3.714,2397389000,12332460238,117756000,1016700000,1057813000,1.208,0,10212957000,37.206,5257417000,0.1
PVH,81.987,503400000,1.346,5.63,10.362,5388400000,2312926778,51400000,417300000,4715200000,0.233,0,9909000000,139.793,7819500000,0.042
QRVO,35.008,711035000,0.332,1.07,4.733,1195183000,7617229133,-215020000,133125000,1070399000,2.465,450482000,3090325000,24.815,1448345000,0.043
PWR,27.797,164798000,1.056,2.76,2.027,1600252000,5433863366,86489000,402044000,1031974000,0.449,0,12112153000,83.125,4277851000,0.033
QCOM,4.057,11839000000,5.714,3.63,5.288,15674000000,96634330756,62000000,4386000000,8007000000,3.981,5398000000,24273000000,20.06,28048000000,0.181
DGX,42.269,1192000000,1.269,6.36,6.999,2689000000,15059069873,1057000000,858000000,1458000000,1.949,0,7726000000,57.892,7156000000,0.111
RL,40.784,584100000,0.808,5.35,7.52,3886000000,8958952141,-729000000,430900000,3324200000,1.419,0,6313000000,78.325,2655600000,0.068
RJF,46.674,5971000000,4.891,7.32,3.113,7646000000,12418503550,30000000,1034000000,6271000000,1.604,0,7740000000,54.894,32187000000,0.134
RTX,48.87,7378000000,2.283,6.48,7.753,19981000000,135161262832,1208000000,5537000000,11536000000,1.754,3015000000,77046000000,90.133,95390000000,0.072
O,30.948,54011000,0.895,1.38,-8.002,1403006000,27504231397,49934000,436482000,670634000,18.44,0,1491591000,4.723,8750638000,0.293
REG,37.047,115562000,0.779,1.43,2.006,826993000,10774068260,70372000,239430000,457081000,9.508,0,1133138000,6.756,4842292000,0.211
REGN,101.554,1617800000,0.335,19.38,18.319,7081200000,42891222539,150100000,2115800000,4871400000,5.455,3036600000,7863400000,72.009,3715500000,0.269
RF,16.377,4114000000,6.747,1.51,2.415,5474000000,15835095419,576000000,1503000000,3489000000,2.893,0,5474000000,5.502,109945000000,0.275
RSG,25.282,47100000,1.794,3.34,3.633,4001000000,31590423967,44100000,1073300000,2207400000,3.067,0,10299400000,32.075,14562900000,0.104
RMD,14.48,147128000,0.982,2.83,2.728,1536585000,18879813338,-41573000,404592000,957322000,7.243,180651000,2606572000,18.214,2035489000,0.155
RHI,9.889,270478000,1.021,3.93,3.979,2530519000,15366366351,-6101000,454433000,1910129000,2.53,0,6074432000,52.522,1167725000,0.075
ROK,3.417,1018400000,14.124,5.88,8.907,2900100000,22879449985,399600000,695800000,1538500000,3.417,0,6694800000,56.592,5708800000,0.104
ROL,2.491,94276000,1.138,0.62,0.861,1021884000,12272072492,-21209000,203347000,753807000,6.089,0,2015477000,6.155,928626000,0.101
ROP,91.356,709700000,0.908,17.02,13.464,3427100000,37318768829,345300000,1767900000,1928700000,6.954,0,5366800000,51.654,8617000000,0.329
ROST,9.371,1351205000,1.783,4.63,4.508,4502886000,30204963198,-66669000,1660928000,2356704000,1.883,0,16039073000,44.744,5989118000,0.104
RCL,58.2,243738000,1.446,8.97,3.31,4887896000,18715951433,-44114000,1878887000,2805195000,1.709,0,10950661000,52.396,17586457000,0.172
SPGI,1.952,2886000000,17.837,8.65,10.844,4898000000,72301328000,928000000,2123000000,1672000000,10.793,0,6699000000,27.298,8544000000,0.317
CRM,40.875,4145000000,0.627,0.15,4.449,12863000000,151792000000,1476000000,126000000,12584000000,8.878,2766000000,17098000000,20.625,21241000000,0.007
SBAC,-32.506,138552000,-3.662,1.3,7.232,1521614000,33076260245,-37180000,146991000,938126000,16.418,0,2014645000,17.859,13426948000,0.073
SLB,17.155,1137000000,1.353,-7.32,1.946,4197000000,50784022855,-298000000,-10137000000,14339000000,1.543,717000000,32917000000,23.767,32136000000,-0.308
STX,7.667,2220000000,3.11,7.13,4.11,2932000000,12087866871,394000000,2012000000,1445000000,1.163,991000000,10390000000,36.844,6723000000,0.194
SEE,-1.272,262400000,-30.384,1.7,2.083,1564800000,4688070129,-9300000,263000000,986300000,0.978,0,4791100000,31.051,5961400000,0.055
SRE,71.712,142000000,2.201,7.4,-2.231,4692000000,41333672910,-29000000,2198000000,2045000000,3.817,0,10829000000,38.967,43860000000,0.19
NOW,11.412,775778000,1.83,3.36,5.208,2663792000,66988012000,209453000,626698000,2621669000,19.358,748369000,3460437000,18.558,3894489000,0.181
SHW,44.708,161800000,3.971,16.79,21.603,8036100000,52877831811,6300000,1541300000,5748900000,2.954,0,17900800000,194.094,16372900000,0.086
SPG,8.233,669373000,11.123,6.81,9.554,4733545000,43652109560,155038000,2101584000,1825714000,7.585,0,5755189000,18.755,28101319000,0.365
SWKS,23.76,851300000,0.174,4.92,5.585,1603800000,16824563245,118000000,853600000,651800000,4.982,424100000,3376800000,19.463,717300000,0.253
SNA,61.871,184500000,0.664,12.59,10.47,2089900000,8490798342,43600000,693500000,1127600000,2.087,0,4067700000,73.824,2262700000,0.17
SO,30.362,1975000000,2.728,4.53,-1.858,8397000000,73595685232,459000000,4754000000,3230000000,3.436,0,21419000000,20.477,86650000000,0.221
LUV,19.007,2548000000,1.634,4.28,5.722,15495000000,28803015667,694000000,2300000000,12538000000,1.284,0,22428000000,43.356,16063000000,0.103
SWK,59.317,297700000,1.254,6.44,7.018,4805500000,24351425858,3200000,955800000,3178100000,1.686,0,14442200000,93.765,11454400000,0.066
SBUX,-5.103,2686600000,-4.084,2.95,2.653,17981700000,99452010000,-6069700000,3599200000,14201800000,3.752,0,26508600000,21.707,25450600000,0.136
STT,66.046,72267000000,9.053,5.43,13.409,11756000000,27599730159,90000000,2009000000,9034000000,2.348,0,11756000000,31.781,221179000000,0.171
STE,37.589,220633000,0.594,3.59,4.203,1175427000,11273675433,19099000,304051000,763962000,4.052,63038000,2782170000,32.909,1887273000,0.109
SYK,34.243,4337000000,1.356,5.57,4.123,9696000000,81747279645,721000000,2083000000,6983000000,5.492,971000000,14884000000,39.797,17360000000,0.14
SIVB,125.338,6781783000,9.951,21.9,21.282,3211664000,10706577223,3210244000,1136856000,1601262000,3.334,0,3211664000,62.214,64383823000,0.354
SYF,24.594,12147000000,5.948,5.59,14.654,9132000000,20747786560,2271000000,3747000000,4245000000,2.272,0,9132000000,14.886,89738000000,0.41
SNPS,27.243,728597000,0.567,3.55,3.991,2607748000,21056818595,5526000,532367000,2087517000,6.266,1136932000,3360694000,22.424,2316284000,0.158
SYY,4.842,513460000,6.179,3.24,3.366,11408987000,37641528989,-183599000,1674271000,9078837000,0.626,0,60113922000,116.299,15463919000,0.028
TMUS,33.705,1528000000,2.019,4.06,0.551,26477000000,70928331581,325000000,3468000000,20755000000,1.576,0,44998000000,52.682,58132000000,0.077
TROW,30.088,1781800000,0.156,8.82,5.584,5617900000,32200718677,363000000,2131300000,3230900000,5.732,0,5617900000,23.801,1107300000,0.379
TTWO,18.132,1391986000,1.079,2.95,6.9,1144750000,11653672429,145615000,333837000,938078000,4.367,230170000,2668394000,23.71,2202485000,0.125
TPR,12.14,969200000,0.957,2.22,1.788,4053700000,5579225809,-274200000,643400000,3239600000,0.926,0,6027100000,20.826,3363900000,0.107
TGT,23.161,2577000000,2.615,6.42,8.129,23248000000,52891562787,1021000000,3281000000,18590000000,0.677,0,78112000000,152.891,30946000000,0.042
TEL,31.272,927000000,0.863,5.46,5.077,4394000000,31166346210,79000000,1844000000,2416000000,2.318,644000000,13448000000,39.787,9124000000,0.137
TDY,74.785,199500000,0.687,11.08,10.846,1243300000,13555637145,57000000,402300000,751600000,4.285,0,3163600000,87.152,1865100000,0.127
TFX,64.487,301083000,1.118,9.99,7.291,1491612000,17173118554,-56078000,461466000,1064358000,6.617,113857000,2595362000,56.177,3330500000,0.178
TER,8.685,773924000,0.883,2.74,2.606,1339829000,10088794224,-152828000,467468000,786175000,4.396,322824000,2294965000,13.466,1306856000,0.204
TSLA,37.39,6514000000,3.959,-4.92,5.497,4069000000,145798635144,2506000000,-862000000,4138000000,5.932,1343000000,24578000000,138.859,26199000000,-0.035
TXN,9.516,2437000000,1.023,5.33,6.199,9164000000,122789774630,-1000000,5017000000,3441000000,8.537,1544000000,14383000000,15.366,9111000000,0.349
TXT,24.196,1357000000,1.722,3.52,2.714,2224000000,9838056207,194000000,815000000,1111000000,0.722,0,13630000000,59.768,9500000000,0.06
TMO,74.188,2399000000,0.967,9.24,10.207,11328000000,123301784743,305000000,3696000000,6734000000,4.827,1003000000,25542000000,63.855,28706000000,0.145
TJX,4.923,3216752000,3.059,2.71,2.354,11871197000,57441605097,186523000,3272193000,7454988000,1.377,0,41716977000,34.529,18196791000,0.078
TSCO,13.089,84241000,2.375,4.7,4.984,2871770000,11610918990,-2058000,562354000,2128550000,1.39,0,8351931000,69.758,3722145000,0.067
TT,30.485,1303600000,1.814,5.84,7.002,5147400000,34560997754,400200000,1410900000,3129800000,2.082,0,16598900000,69.626,13179900000,0.085
TDG,-51.451,1467486000,-6.612,13.84,16.242,2809271000,30424029968,-605531000,889770000,882725000,5.825,0,5223203000,92.832,19139814000,0.149
TRV,99.781,494000000,3.245,10.01,20.019,12448000000,34908630276,121000000,2622000000,8966000000,1.105,0,31581000000,121.465,84179000000,0.083
TRMB,12.436,189200000,1.129,2.05,2.057,1780900000,9924091885,16700000,514300000,1405000000,3.04,469700000,3264300000,13.016,3520300000,0.158
TFC,82.67,19065000000,6.108,3.76,1.888,11953000000,65540572901,15221000000,3224000000,7934000000,5.483,0,11953000000,14.847,406520000000,0.253
TWTR,11.294,1799082000,0.459,1.9,1.013,2322288000,29773846607,-98785000,1465659000,1955915000,8.607,682281000,3459329000,4.488,3999003000,0.424
TYL,41.046,232682000,0.355,3.79,5.399,516900000,13063319640,98403000,146527000,360533000,12.024,81342000,1086427000,27.577,574556000,0.135
TSN,38.793,484000000,1.34,5.67,3.455,5022000000,32458494981,214000000,2022000000,2195000000,0.765,0,42405000000,116.818,18871000000,0.048
UDR,11.774,33291000,1.557,0.63,-3.33,822358000,14858264679,-175600000,184965000,601301000,12.896,0,1152193000,4.039,5228493000,0.157
ULTA,32.885,392325000,1.557,12.21,13.879,2681064000,9823188088,-16926000,705945000,1779970000,1.328,0,7398068000,127.906,2961778000,0.095
USB,32.798,22405000000,8.542,4.16,3.092,21379000000,83432708793,952000000,6914000000,12785000000,3.903,0,21379000000,13.522,442943000000,0.308
UAA,4.768,788072000,1.253,0.2,0.805,2470533000,6515337827,229948000,92139000,2233763000,1.237,0,5267132000,11.68,2693444000,0.017
UA,,,,,,,,,,,,,,,,
UNP,25.768,831000000,2.402,8.41,7.329,16363000000,126890769707,-472000000,5919000000,7809000000,5.845,0,21708000000,30.857,43545000000,0.273
UAL,46.505,5050000000,3.563,11.63,9.603,26832000000,18712870725,1069000000,3009000000,22531000000,0.433,0,43259000000,174.466,41080000000,0.07
UNH,60.585,10985000000,1.939,14.55,17.237,57598000000,283414752086,119000000,13839000000,37913000000,1.17,0,242155000000,254.632,111727000000,0.057
UPS,3.806,5238000000,16.705,5.14,2.707,68967000000,91411767741,871000000,4440000000,61169000000,1.234,0,74094000000,86.308,54574000000,0.06
URI,51.495,52000000,3.953,15.18,20.733,3670000000,11324410128,9000000,1174000000,1518000000,1.211,0,9351000000,125.727,15140000000,0.126
UHS,62.01,61268000,1.106,9.16,9.062,11378259000,11726795886,-94018000,814854000,10162351000,1.031,0,11378259000,128.188,6089379000,0.072
UNM,49.096,84100000,5.725,5.25,7.837,4502700000,6014033012,-9900000,1100300000,2915900000,0.501,0,11998900000,59.116,57048400000,0.092
VLO,52.792,2583000000,1.437,5.84,7.557,4778000000,29357658677,-399000000,2422000000,942000000,0.271,0,108324000000,262.286,31328000000,0.022
VAR,19.432,531400000,1.314,3.21,3.448,1370300000,12133914750,27700000,291900000,984100000,3.762,247600000,3225100000,35.441,2324100000,0.091
VTR,28.016,146102000,1.328,1.18,0.179,2062223000,23486481068,13158000,433016000,1209242000,6.065,0,3872750000,10.387,13873078000,0.112
VRSN,-12.573,508196000,-2.244,5.17,6.021,1051194000,24397665353,150848000,612299000,245067000,19.809,60805000,1231661000,10.393,3344109000,0.497
VRSK,13.825,184600000,2.121,2.75,4.522,1630300000,27977309467,45400000,449900000,933400000,10.731,0,2607100000,15.942,4794400000,0.173
VZ,14.837,2594000000,3.728,4.66,4.303,77142000000,240707271880,1000000,19265000000,46764000000,1.825,0,131868000000,31.868,228892000000,0.146
VRTX,23.703,3109322000,0.367,4.58,5.819,3615063000,62247796493,462428000,1176810000,2413038000,14.953,1754540000,4162821000,16.215,2233221000,0.283
VFC,10.877,543011000,1.409,3.19,3.435,7021179000,33376110257,-132603000,1259792000,5345339000,2.41,0,13848660000,35.043,6058269000,0.091
VIAC,21.519,632000000,2.743,5.38,1.429,10589000000,17976444307,-142000000,3308000000,6461000000,0.646,0,27812000000,45.316,36230000000,0.119
VTRS,,,,,,,,,,,,,,,,
V,17.351,9043000000,1.092,5.32,6.017,19533000000,353985948376,-145000000,12080000000,4532000000,15.406,0,22977000000,11.494,37890000000,0.526
VNO,35.283,1607131000,1.498,16.23,4.594,1006719000,12945009187,890226000,3147937000,-138325000,6.726,0,1924700000,10.087,10087120000,1.61
VMC,42.493,274506000,0.894,4.67,4.707,1255901000,16528158343,230102000,617662000,378443000,3.353,0,4929103000,37.257,5026936000,0.125
WRB,33.12,1023710000,3.379,3.58,5.906,3771080000,14319732822,206108000,681944000,2764751000,1.812,0,7902196000,43.082,20525086000,0.086
WAB,58.396,604200000,0.899,1.91,4.892,2278000000,15049331084,-1738100000,326700000,1614900000,1.835,209900000,8200000000,48.094,8950600000,0.04
WMT,26.2,9465000000,2.075,5.22,5.218,129359000000,322794634763,1759000000,14881000000,108791000000,0.616,0,523964000000,183.847,154943000000,0.028
WBA,25.515,1023000000,1.848,4.32,4.224,30076000000,49803795947,232000000,3982000000,25078000000,0.364,0,136866000000,148.525,43446000000,0.029
DIS,53.67,5418000000,1.126,6.68,1.045,27552000000,264826380603,1300000000,11054000000,16884000000,3.807,0,69570000000,42.011,100095000000,0.159
WM,16.642,3874000000,2.925,3.93,4.841,5959000000,53347667092,3464000000,1670000000,3253000000,3.452,0,15455000000,36.39,20673000000,0.108
WAT,-3.198,335715000,-12.823,8.76,7.087,1395896000,12641081612,-460565000,592198000,691025000,5.253,142955000,2406596000,35.586,2773336000,0.246
WEC,32.065,37500000,2.456,3.6,0.269,2457700000,30142923782,-63800000,1135200000,926300000,4.007,0,7523100000,23.853,24838400000,0.151
WFC,42.6,141250000000,9.295,4.08,1.532,82376000000,180969022156,-32037000000,19549000000,55415000000,2.197,0,82376000000,18.751,1739571000000,0.218
WELL,38.673,385766000,1.055,3.07,8.795,2431264000,35986067376,69637000,1232432000,1229968000,7.027,0,5121306000,12.744,16398247000,0.241
WST,21.259,439100000,0.488,3.27,3.254,605700000,12322731864,101700000,241700000,311600000,6.698,38900000,1839900000,24.864,768200000,0.131
WDC,34.134,3455000000,1.646,-2.58,2.705,3752000000,15587564058,-1550000000,-754000000,3665000000,0.941,2182000000,16569000000,56.743,16403000000,-0.046
WU,-0.092,1450500000,-222.734,2.47,1.84,2205600000,10947743627,477100000,1058300000,1271600000,2.069,0,5292100000,12.376,8798000000,0.2
WRK,45.251,151600000,1.583,3.36,4.21,3749000000,10320938170,-485200000,862900000,2254600000,0.564,0,18289000000,70.917,18472500000,0.047
WY,10.963,139000000,1.006,-0.1,1.178,1095000000,22857612540,-195000000,-76000000,444000000,3.488,0,6554000000,8.787,8229000000,-0.012
WHR,50.157,1952000000,4.621,18.6,10.958,3533000000,9541382366,414000000,1184000000,1962000000,0.467,0,20419000000,320.549,14763000000,0.058
WMB,11.025,289000000,2.221,0.7,1.317,4667000000,24734895124,121000000,850000000,2746000000,3.016,0,8201000000,6.766,29676000000,0.103
WLTW,79.623,887000000,2.445,8.05,6.029,9039000000,26315269223,-136000000,1044000000,7710000000,2.911,0,9039000000,70.223,25057000000,0.115
WYNN,16.329,2358292000,7.074,1.15,-1.576,2544046000,11554758491,138969000,122985000,1665741000,1.748,0,6611099000,61.934,12329809000,0.019
XEL,25.509,248000000,2.811,2.64,-1.854,4723000000,37157060280,101000000,1372000000,2619000000,3.223,0,11529000000,22.214,37209000000,0.119
XLNX,11.321,1544490000,0.8,3.52,3.965,2103172000,29688326400,-634838000,889750000,1146373000,9.705,743027000,3059040000,12.102,2289839000,0.291
XYL,16.428,724000000,1.604,2.23,3.406,2046000000,13938414492,428000000,401000000,1560000000,2.655,191000000,5249000000,29.161,4743000000,0.076
YUM,-26.647,605000000,-1.653,4.23,3.72,2814000000,31246414586,294000000,1294000000,884000000,5.583,0,5597000000,18.606,13247000000,0.231
ZBRA,34.05,30000000,1.562,10.08,11.554,2100000000,12601298918,-14000000,544000000,1408000000,2.81,447000000,4485000000,83.042,2872000000,0.121
ZBH,60.4,617900000,0.989,5.52,4.218,5729600000,32692273490,75100000,1131600000,4592100000,4.096,449300000,7982200000,38.919,12245900000,0.142
ZION,39.145,1233000000,8.072,4.36,5.408,2821000000,9386169755,66000000,884000000,1678000000,3.327,0,2821000000,14.572,61168000000,0.301
ZTS,5.664,1934000000,3.263,3.14,2.792,4268000000,68836925988,332000000,1500000000,2244000000,10.996,457000000,6260000000,13.093,8837000000,0.24
ZTS,4.523,1602000000,3.932,2.96,3.006,3914000000,44650268793,38000000,1428000000,2018000000,7.665,432000000,5825000000,12.058,8592000000,0.245
